filename,title,exclusion_reason,experiment_ID,relevance_rating,number_of_participants,number_of_trials,language_of_testing,first_language,second_language,lexical_or_semantic_task,individual_language_experience_measure,effect_of_individual_language_experience_on_semantic_processing,effect_size_of_individual_language_experience_on_semantic_processing,individual_imagery_experience_measure,effect_of_individual_imagery_experience_on_semantic_processing,effect_size_of_individual_imagery_experience_on_semantic_processing,other_individual_differences,statistical_method,power_analysis_method,target_power,required_participants_for_language,required_participants_for_imagery,required_trials_for_language,required_trials_for_imagery
Adelman_2014_A_behavioral_database.pdf.pdf,A behavioral database for masked form priming,,Exp 1,7,1056,840,English,English,N/A,Lexical decision task,Measures of spelling and vocabulary (Shipley test),Vocabulary/Spelling are moderators of priming effects,Not found,None mentioned,Not found,Not found,Not explicitly detailed in excerpts,"Direct computation of sums of squares, pseudo-F calculations, correlation matrix, multiple regression analyses",Not found,Not found,Not found,Not found,Not found,Not found
Andrews_2013_Is_morphological_priming.pdf.pdf,Is morphological priming prelexical? Evidence from individual differences in spelling and vocabulary,,Exp 1,9,100,90 pairs,English,English (Began speaking by age five),N/A,Masked priming (Lexical decision task),"Vocabulary test (to index semantic knowledge), composite measure of spelling (ZSpell)","Superior vocabulary (Low PC2) group showed robust priming for transparent pairs (38 ms), but no priming for opaque pairs (-2 ms)","F1(2,168) = 4.439, p = .013 (priming effect modulated by target type)",None mentioned,Not found,Not found,None mentioned,"ANOVA, General Linear Models, Linear Mixed Effect (LME) models",Not mentioned,Not found,Not found,Not found,Not found,Not found
Andrews_2017_Individual_differences_in.pdf.pdf,(Not explicitly titled in excerpt),,Exp 1,6,Not stated,Not stated,Not stated,Not stated,N/A,"Semantic Categorization (inferred from reference to Quinn & Kinoshita, 2008)","PC1/PC2 scores (derived from PCA of language proficiency measures), composite ZSpell and ZTotal scores","ZTotal inversely related to exemplar target processing (t = -3.04, p < 0.01) and non-exemplar target processing (t = -3.21, p < 0.01)",ZTotal effect on exemplar targets: t = -3.04,None mentioned,Not found,Not found,None mentioned,Linear Mixed-Effects Models (LME),Not mentioned,Not found,Not found,Not found,Not found,Not found
Arêas_2015_Bilingual_access_of.pdf.pdf,Bilingual access of homonym meanings,,Exp 1,8,71,400,English,Spanish,English,Primed lexical decision task,"LEAP-Q (subjective proficiency), objective proficiency (RTs on control conditions), measure of access to L1 subordinate meanings",Cognate status impact score and access to L1 subordinate meanings were significant predictors of error rates in identifying subordinate meanings of L2 homonyms,Cognate status impact score: β = .23 (p < .05 on error rates). Access to L1 subordinate meanings: β = .39 (p < .01 on error rates),None mentioned,Not found,Not found,Working Memory Capacity (WMC),"Repeated measures ANOVA, Multiple Regression analyses",Not mentioned,Not found,Not found,Not found,Not found,
Arêas_2015_Bilingual_access_of.pdf.pdf,Bilingual access of homonym meanings,,Exp 2,9,79,140 sentences (L1 meaning access),Spanish and English,Spanish,English,Eye-tracking sentence processing task (meaning access in L1),"LEAP-Q (subjective proficiency), objective proficiency (total reading times on control trials), Meaning access in L1 (FFDs/GDs on Spanish homonym sentences)","Investigated relationship between L1 meaning access and FFDs/GDs on English homonym targets (L2), specific outcomes not detailed in excerpts",Not found,None mentioned,Not found,Not found,Working memory measure (Spanish Reading Span task),"Eye-tracking analysis (FFD, GD, TRT), ANOVA/Regression (implied)",Not mentioned,Not found,Not found,Not found,Not found,
Baek_2023_Proficiency_versus_lexical.pdf.pdf,Proficiency versus lexical efficiency: disentangling the effects of L2 proficiency and online lexical processing efficiency on L2 word recognition,,Exp 1,6,Not stated (N=53 surveyed),360,English,Korean,English,Lexical Decision Task (LDT),"Cloze test scores (L2 proficiency), Inverse Efficiency Score (IES) (Lexical processing efficiency)","Cloze score significantly affected RT (β = -45.350, p = 0.008). IES significantly interacted with Frequency (β = -33.058, p = 0.003)","Cloze on RT: β = -45.350, t = -2.722. Frequency:IES interaction on RT: β = -33.058, t = -2.992",Semantic concreteness (stimulus attribute/control factor),Not applicable,Not applicable,Age of Acquisition (AOA),Mixed-effects regression models (Linear and Generalized Linear),Not mentioned,Not found,Not found,Not found,Not found,Not found
Balass_2016_Semantic_processes_and.pdf.pdf,Semantic processes and error-related negativity: Evidence from a semantic categorization task,,Exp 1,10,22,706,English,English,N/A,Semantic Categorization Task,"Offline measures of comprehension and lexical skill, online performance measure (d-prime)",Examined relationship between mean amplitudes for four responses with offline measures of comprehension/lexical skill and d-prime (specific outcomes not detailed),Not detailed in excerpts,None mentioned,Not found,Not found,None explicitly detailed in the excerpts,"Repeated measures ANOVA, Correlational analyses (Pearson's r)",Not mentioned,Not found,Not found,Not found,Not found,Not found
Barnes_1992_Reading_in_children.pdf.pdf,Reading in children with hydrocephalus,,Exp 1,5,101,Not stated,English,Not stated,N/A,"Passage Comprehension task, Word Comprehension task","Reading Subskills (Word Identification, Word Attack)",Investigated contribution of Word Identification and Word Attack to Passage Comprehension/Word Comprehension (specific findings not detailed),Not detailed in excerpts,None mentioned,Not found,Not found,"Age, clinical status (hydrocephalus)","Simple regressions, Multivariate regression (proposed)",Not mentioned (Notes insufficient sample size for multivariate regression age effects),Not found,Not found,Not found,Not found,Not found
Barreyro_2012_Working_memory_capacity.pdf.pdf,Working memory capacity and causal inferences in the comprehension of natural texts,,Exp 1,8,64,21 critical items (plus reading sentences),Spanish,Spanish (Argentine dialect implied),N/A,Lexical Decision Task (probing inferences during reading),Reading Span task (Working Memory Capacity - WMC),High WMC readers made both reinstatement and elaborative inferences; Low WMC readers made only reinstatement inferences (demonstrated by faster RTs in inference vs pre-inference condition),"Three-way interaction (WMC x probe location x inference type): F1(1, 62) = 7.26, p < .01, eta2 = .11. F2(1, 10) = 6.15, p < .05, eta2 = .38",None mentioned,Not found,Not found,Working Memory Capacity (WMC),"ANOVA (F1/F2), T-tests",Not mentioned,Not found,Not found,Not found,Not found,
Beech_2002_Individual_differences_in.pdf.pdf,(Individual differences in cognitive components of word recognition),,Exp 1,7,110,38 (Semantic Link Test),English,English (implied),N/A,"Semantic Link Test, Lexical Decision Task (for word recognition measure)","Spelling Component Test, Author Recognition Test (Print Exposure), Semantic Link Test (Semantic Processing)","Semantic Link Test correlates significantly with Spelling (r=.22), Baddeley Reasoning (r=.24), and Silent Adult Reading (r=.45)",Not explicitly detailed in excerpts,None mentioned,Not found,Not found,Verbal reasoning (Baddeley Reasoning Test),"Intercorrelations (Pearson’s r), Multiple Regression Analyses",Not mentioned,Not found,Not found,Not found,Not found,
Beyersmann_2015_Effects_of_reading.pdf.pdf,"Effects of reading proficiency, morphological awareness, and ending frequency on masked morphological priming in children",,Exp 1,5,Not stated,200 critical items,French,Not stated,N/A,Masked primed lexical decision task,"Reading proficiency (RP), Spelling proficiency, Morphological awareness","RP was a significant fixed effect (t=3.86, p<.001) influencing lexical decision times","RP effect on RT/Inverse RT: Estimate 3.67E-05, t=3.86, p<.001",None mentioned,Not found,Not found,"Grade, Ending frequency, Stem frequency, Trial order",Linear mixed-effects model (LME),Not mentioned,Not found,Not found,Not found,Not found,
Beyersmann_2015_Language_proficiency_and.pdf.pdf,Language proficiency and morpho-orthographic segmentation,,Exp 1,8,48,200 critical items,French,French,N/A,Masked primed lexical decision task,"Vocabulary (VocabZ, WAIS-III subtest), LanguageProficiencyZ (composite score), SpellVocabDiffZ","LanguageProficiencyZ interacted significantly with priming effects. Low proficiency group showed reduced priming for non-suffixed compared to suffixed conditions (t=3.43, p<.001)","Difference between suffixed word and non-suffixed priming (low proficiency): t=3.43, p<.001",None mentioned,Not found,Not found,"Suffix frequency, nonword neighborhood density, trial order",Linear mixed-effect modelling (LME),Not mentioned,Not found,Not found,Not found,Not found,
Beyersmann_2016_Embedded_Stem_Priming.pdf.pdf,(Embedded Stem Priming in visual word recognition),,Exp 1,6,Not stated,Not stated,French,Not stated,N/A,Masked priming (lexical processing),Individual reading proficiency (mean RT across word and nonword trials),"Priming in the nonaffixed condition increased with increasing individual reading proficiency (t = 2.45, p < .014)","Primetype[nonaffixed: read prof] interaction: Estimate -2.42E-07, t = -2.45, p = .014",None mentioned,Not found,Not found,"Chunk-frequency, Position (beginning/ending), Trial order","Linear mixed-effects model (LME), Generalized LME for error analysis",Not mentioned,Not found,Not found,Not found,Not found,
Bousard_2021_The_dutch_auditory.pdf.pdf,The Dutch Auditory & Image Vocabulary Test (DAIVT): A New Dutch Receptive Vocabulary Test for Students,"Does not present novel experimental data using a processing task (e.g., semantic priming or LDT) as the dependent variable modulated by an individual difference measure. Focuses on validation of vocabulary tests.",,,,,,,,,,,,,,,,,,,,,,
Bruckert_2021_Investigating_the_effects.pdf.pdf,(Investigating the effects of language task and handedness on cerebral blood flow velocity lateralization),,Exp 1,3,Not stated,Not stated,Not specified,Not stated,N/A,Word Generation Task (Verbal Fluency),None explicitly measured,Not found,Not found,None mentioned,Not found,Not found,"Handedness, Language lateralization/CBFV data","Custom scripts in R Studio, conventional methods",Not mentioned,Not found,Not found,Not found,Not found,Not found
Butler_1984_Reading_skill_and.pdf.pdf,Reading skill and the use of orthographic knowledge by Mature Readers,,Exp 1,7,24,Not stated,English,English (implied),N/A,Tachistoscopic presentation of letter strings (OAE),Vocabulary test score,High vocabulary subjects were more capable of utilizing redundancy in higher-order approximations (compared to low vocabulary subjects),"Interaction effect (OAE x High/Low Vocabulary): F(2,44) = 6.28, p < 0.01. Correlation between run length/OAE and vocabulary score: r(22) = 0.62, p < 0.01",None mentioned,Not found,Not found,Reading skill,"ANOVA, Pearson Product-Moment correlation",Not mentioned,Not found,Not found,Not found,Not found,
Butler_1984_Reading_skill_and.pdf.pdf,Reading skill and the use of orthographic knowledge by Mature Readers,,Exp 2,5,48,144,English,English (implied),N/A,Word identification task,"Reading skill (Nelson-Denny Reading Test), Vocabulary test score (correlated r=0.62)","Skilled readers were more sensitive to syllable structure units than less skilled readers, reflecting efficient parsing prior to word recognition",Not detailed in excerpts,None mentioned,Not found,Not found,None mentioned,"Correlation, ANOVA (implied)",Not mentioned,Not found,Not found,Not found,Not found,Not found
Cacciari_2018_Cognitive_and_personality.pdf.pdf,Cognitive and personality components underlie idiom comprehension,,Exp 1,9,64,Not stated,Italian,Italian,N/A,Cross-Modal Lexical Decision Experiment (CMLDT - idiom comprehension),"Vocabulary (test score, crystallized verbal intelligence)",Vocabulary significantly predicted RT to idiomatic targets of predictable idioms (faster RT for higher scores),"Vocabulary effect: β = −0.273, t(61) = −2.369, p = 0.021 (Block 3 ΔR2 = 0.066)",None mentioned,Not found,Not found,"Working Memory (Listening Span), Inhibitory Control, Fluid Intelligence (RPM), Verbal Fluency, Personality (STAI-Y, BFO: Openness, Agreeableness, Anxiety)","Pearson correlations, Hierarchical Regression analyses",Not mentioned,Not found,Not found,Not found,Not found,
Carolan_2021_Financial_reward_has.pdf.pdf,Financial reward has limited effects on listening effort in noise-vocoded speech recognition,,Exp 1,5,24,Not stated,English,English,N/A,Speech Recognition Task (selecting word from vocoded sentence),Mean lexical decision RT,"Mean LDT RT significantly predicted RT outcome (t=6.53, p<.05) in the speech recognition task",LDT RT effect on RT outcome: t = 6.53,None mentioned,Not found,Not found,"Backwards Digit Span (WMC), Motivational traits (Need for Closure, Personal Mastery, Competitive Excellence), Listening demands, Financial reward","Repeated-measures ANOVA, Linear Mixed Modelling (LMM)","Cohen (1988), Faul et al. (2009)",0.8,24,Not found,Not found,Not found
Casaponsa_2015_Foreign_language_comprehension.pdf.pdf,Foreign language comprehension and the cognate effect: The role of cross-language connections and individual differences,,Exp 1,9,64,400,English,Spanish,English,English Lexical Decision Task (LDT),"Cognate effect (in ms), Self-rating of English proficiency, AoA English",Higher cognate effects and higher self-rating of English proficiency significantly predicted higher Reading Comprehension scores,"Cognate effect: Beta = 0.36, t = 3.30, p = 0.002. Model R2 = 0.28 (Adjusted R2 = 0.24)",Imageability (stimulus attribute/control factor),Not applicable,Not applicable,"WM estimate, IQ estimate","ANOVA, Backward Multiple Regression",Not mentioned,Not found,Not found,Not found,Not found,
Casaponsa_2015_Foreign_language_comprehension.pdf.pdf,Foreign language comprehension and the cognate effect: The role of cross-language connections and individual differences,,Exp 2,9,105,400,English,Spanish,English,English Lexical Decision Task (LDT),"Cognate effect (in ms), Age of acquisition (AoA) English",Lower cognate effects and lower AoA significantly predicted higher Reading Comprehension scores (opposite direction for cognate effect compared to Exp 1),"Cognate effect: Beta = -0.20, t = -2.25, p = 0.03. Model R2 = 0.22 (Adjusted R2 = 0.18)",Imageability (stimulus attribute/control factor),Not applicable,Not applicable,"WM estimate, IQ estimate","ANOVA, Backward Multiple Regression",Not mentioned,Not found,Not found,Not found,Not found,
Caselli_1998_Gestures_and_words.pdf.pdf,Gestures and Words,"Does not feature an online lexical or semantic processing task (e.g., lexical decision, semantic priming) as required by the protocol.",,,,,,,,,,,,,,,,,,,,,,
Chaouch-Orozco_2021_Individual_differences_in.pdf.pdf,Individual differences in L2 proficiency and exposure/use modulate cross-language masked translation priming asymmetry,,Exp 1,8,60,Not stated,"Spanish, English",Spanish,English,Masked translation priming (Lexical decision task),"L2 proficiency (OQPT scores), Language Exposure/Use (Dominance Scale questionnaire), Word frequency","Significant three-way interaction: Target Language (Spanish) × Prime Type × Language Exposure/Use (Coefficient 34.10, p < .01)","Three-way interaction: Coefficient 34.10, t = 2.98, p < .01. Four-way interaction: Coefficient 23.63, t = 2.27, p < .05",None mentioned,Not found,Not found,Prime/Target frequency (Zipf values),"Linear mixed-effects models (LME), Generalized LME",Not mentioned (Notes concern about statistical power),Not found,Not found,Not found,Not found,Not found
Chapman_2006_Effect_of_memory.pdf.pdf,Effect of Memory Support and Elicited Production on Fast Mapping of New Words by Adolescents With Down Syndrome,,Exp 1,8,37,Not stated (8 novel words used),English,English (implied),N/A,Fast mapping of new noun vocabulary (comprehension/production accuracy and speed),"Vocabulary comprehension, Syntax comprehension","Standard comprehension measures predicted fast-mapped comprehension: vocabulary predicted for DS group, syntax predicted for TD group",Not detailed in excerpts,"Visual nonverbal cognition, Visual short-term memory",Investigated relationship between these factors and fast mapping outcome (specific findings not detailed),Not detailed in excerpts,"Auditory short-term memory, Hearing status, Group (DS vs TD)","Repeated-measures design, ANOVA, Regression analysis (implied)",Not mentioned,Not found,Not found,Not found,Not found,Not found
Chen_2019_Brain_hemispheric_involvement.pdf.pdf,(Brain hemispheric involvement predicts individual differences in creative thinking),,Exp 1,4,502,Not stated,Mandarin Chinese,Mandarin Chinese,N/A,Verbal Divergent Thinking (VDT) task,Not explicitly measured,Not applicable,Not applicable,Visuospatial Divergent Thinking (VSDT),Neural lateralization indices were used to predict VSDT and VDT scores (specific results not detailed),Not detailed in excerpts,"Brain hemispheric involvement/lateralization indices (AI, segregation, integration)","Relevance Vector Regression (RVR), Pearson correlation, Factor Analysis",Not mentioned,Not found,Not found,Not found,Not found,Not found
Chiarello_2006_Neuroanatomical_and_behavioral.pdf.pdf,Neuroanatomical and behavioral correlates of developmental dyslexia in a single case of exceptional performance,,Exp 1,6,20 (T.F. + 19 controls),"92 (Verb Generation), 66 (Category Generation), 160 (LDT)",English,English,N/A,"Verb Generation, Category Generation, Lexical Decision",Word comprehension subtests (WRMT-R),Single case T.F. showed poor low-level word recognition/decoding performance but normal performance on deliberative word generation tasks (semantic tasks),Not explicitly listed in excerpts,Not explicitly measured,Not found,Not found,"Handedness, Age, WMC (Digits forward/backward), Cognitive Abilities, Neuroanatomical measurements (e.g., Planum Temporale asymmetry)",Comparison of single case scores against control means (SDs provided),Not mentioned,Not found,Not found,Not found,Not found,
Cohen-Shikora_2016_Visual_word_recognition.pdf.pdf,Visual word recognition tasks are differently related to age and cognitive resources,,Exp 1,10,149,400 (for each task),English,English,N/A,"Animacy Judgment Task (AJT - semantic task), Lexical Decision Task (LDT), Word Pronunciation Task (PRN)","Shipley Vocabulary test score, Reading per week","Vocabulary strongly correlated with the Word Frequency Effect (WFE) in the AJT (r=.450, p<.001), indicating a larger WFE for higher vocabulary scores (better semantic knowledge)","Vocabulary correlation with AJT WFE: r = 0.450, p < 0.001",Concreteness (stimulus attribute/control factor),Not applicable,Not applicable,"Age, Education, OSpan (Working Memory), Vision, Short Blessed Test","Correlation matrix, Partial correlations, Item-level Regression Analysis, Subject-level Correlations",Not mentioned,Not found,Not found,Not found,Not found,
Cox_2018_Information_and_processes.pdf.pdf,"Information and Processes Underlying Semantic and Episodic Memory Across Tasks, Items, and Individuals",,Exp 1,7,453,300 per participant (for tested tasks),English,English (implied),N/A,Lexical Decision (LD),Lexical Evidence factor (Individual Evidence Factor 3 derived from modeling LD parameters),Explored inter-individual correlations where Lexical Evidence was identified as a distinct latent factor influencing performance across tasks including LD,Factor loading values ranging from approx. -0.2 to 0.7,Concreteness (stimulus attribute/control factor),Not applicable,Not applicable,"Multiple individual performance parameters (drift rates, boundary separations, etc.) across 5 tasks (SR, AR, CR, FR, LD)","Hierarchical Bayesian Model (HBM), Principal Component Analysis (PCA), Kendall’s tau rank correlations",Not mentioned,Not found,Not found,Not found,Not found,
Cuetos_1997_Individual_differences_in.pdf.pdf,Diferencias individuales en el procesamiento léxico (Individual differences in lexical processing),,Exp 1 (LDT),8,32,160,Spanish (Castellano),Spanish,N/A,Lexical Decision Task (LDT),Reading Comprehension Efficacy (Gernsbacher Battery score),No interaction between reader skill and lexical processes (quantitative differences only). Less skilled readers were significantly slower (differences > 100 mseg),Differences between both groups exceed 100 mseg on average,None mentioned,Not found,Not found,None mentioned,ANOVA (F1/F2),Not mentioned,Not found,Not found,Not found,Not found,Not found
Cuetos_1997_Individual_differences_in.pdf.pdf,Diferencias individuales en el procesamiento léxico (Individual differences in lexical processing),,Exp 2 (Naming),8,32,160,Spanish (Castellano),Spanish,N/A,Reading aloud (Naming),Reading Comprehension Efficacy (Gernsbacher Battery score),"Significant interaction between reader skill and stimulus type (F1(2,52)=5.03, p<0.01). Less skilled readers showed patterns consistent with greater lexical competition interference","Interaction effect (Lector x Tipo de estímulo): F1(2,52)=5.03, p<0.01; F2(2,114)=5.01, p<0.01",None mentioned,Not found,Not found,None mentioned,"ANOVA (F1/F2), Partial analyses",Not mentioned,Not found,Not found,Not found,Not found,Not found
Davies_2017_Reading_through_the.pdf.pdf,Reading through the lifespan: age and the effects of word frequency and age-of-acquisition on word recognition,,Exp 1,9,535,Not stated,English,English,N/A,"Lexical Decision Task (LDT), Word Naming Task (Pronunciation)","Reading skill (TOWRE word/nonword skill measures), Phonological awareness (Spoonerisms)","Reading skill significantly predicted RT in both tasks (e.g., LDT: t=-4.24, p<.001). Reading skill interacted with AoA (LDT: t=3.13, p=.002) and Frequency (Naming: t=2.81, p=.005)","Reading Skill x AoA (LDT): t=3.13, p=.002. Reading Skill x Frequency (Naming): t=2.81, p=.005",Rated imageability (stimulus attribute/control factor),"Rated imageability significantly predicted RT in both LDT (t=-3.63, p<.001) and Naming (t=-2.24, p=.025)","Imageability effect in LDT: Estimate -0.007, t = -3.63, p < .001","Age, Trial Order, Phonetic characteristics of word initials","Linear Mixed-Effects (LME) models, By-items multiple regression analyses, EZ-diffusion function",Not mentioned,Not found,Not found,Not found,Not found,
Denis-Noël_2020_Activation_time-course_of.pdf.pdf,(Activation time-course of phonological codes in visual word recognition),,Exp 1,8,60,120,French,French,N/A,Lexical Decision Task (eye-tracking measures),"Vocabulary score (EVIP), Reading efficiency, Phonemic awareness, Verbal STM","Subgroup analysis showed Sem- dyslexics had significantly lower vocabulary scores than Sem+ dyslexics (t = -2.714, p < 0.05)","Vocabulary difference between subgroups: t = -2.714, p < 0.05",None mentioned,Not found,Not found,"Non-verbal IQ (Raven’s Matrices), Dyslexia diagnosis (Group)","Linear Mixed Effects Models (LME), Generalized LME (gLME), Paired student t tests",Not mentioned (Notes concern about statistical power),Not found,Not found,Not found,Not found,
Dilkina_2008_A_single-system_account.pdf.pdf,A single-system account of semantic and lexical deficits,"Presents a computational modeling study simulating patient data, not novel experimental human data collection.",,,,,,,,,,,,,,,,,,,,,,
Dujardin_2020_Effects_of_deletion.pdf.pdf,The Present Study,,Exp 2 (Progressive demasking),6,92,120 experimental words,French,French native speakers,N/A,Progressive demasking task,"Composite score of lexical skills (Dictation RTs/scores, Reading speed/accuracy scores, Vocabulary scores)",Higher composite scores of lexical skills were associated with lower error rates corresponding to deletion neighbour. Lexical skills were related with word RTs and accuracy.,"χ²(1) = 4.64, p = .031 (for main effect on error rates); b = -0.905, SE = 0.419",N/A,N/A,N/A,N/A,GLMM analysis,N/A,N/A,N/A,N/A,N/A,N/A
Dujardin_2020_Effects_of_deletion.pdf.pdf,The Present Study,,Exp 3 (Naming task),6,90,120 experimental words,French,French native speakers,N/A,Naming task,"Composite score of lexical skills (Dictation RTs/scores, Reading speed/accuracy scores, Vocabulary scores)",Individual differences in lexical skills influenced the inhibitory effect of deletion neighborhood frequency during the naming task. Higher lexical skills related to less error rates.,N/A,N/A,N/A,N/A,N/A,Standardized scores transformed into average composite score,N/A,N/A,N/A,N/A,N/A,N/A
Duñabeitia_2014_Revisiting_letter_transpositions.pdf.pdf,Revisiting letter transpositions: The importance of the morphological boundary and individual differences in reading skill,,Exp 1,7,80,420 word targets + 420 nonword targets (total 840 stimuli),Spanish,Native Spanish speakers,N/A,Masked priming (followed by lexical decision),Reading skills (participants split into 'faster' and 'slower' groups based on processing speed/RT data).,"The critical two-way interaction was significant for the faster group, whereas the slower group showed a generalized TL effect.","F(1, 36) = 11.32, p = .001 (for the three-way interaction involving the reading groups).",N/A,N/A,N/A,N/A,"ANOVA, regression analyses",N/A,N/A,N/A,N/A,N/A,N/A
Egidi_2013_Cortical_systems_for.pdf.pdf,Cortical systems for language comprehension using proximal and distal contexts,,Exp 2 (fMRI study),4,14,40 experimental stories,Italian,Native Italian speakers,N/A,Listening comprehension and subsequent recall task (memory for story endings),Subsequent recall scores for story endings.,Memory for the ending depended on a more extended brain network when global context was relevant. Positive correlations found in areas usually involved in semantic processing and memory for language.,N/A,N/A,N/A,N/A,"Negative correlations found in sensory, motor, and visual areas.","BOLD activity correlation analysis, ANOVA",N/A,N/A,N/A,N/A,N/A,N/A
Eisenberg_1982_Semantic_context_effects.pdf.pdf,Semantic context effects: Individual differences in the use of semantic strategies,,Exp 1,6,24,"135 experimental trials (4 blocks of 45 trials, 1st practice)",English,N/A,N/A,Lexical decision task. Semantic context effects explored.,Reading test performance (reading rate converted from difficult/easy passage completion).,"Individual differences in semantic context effects were investigated, suggesting different semantic strategies (prediction vs. expectancy) based on reading speed/group.",N/A,N/A,N/A,N/A,N/A,N/A,N/A,N/A,N/A,N/A,N/A,
Eisenberg_1982_Semantic_context_effects.pdf.pdf,Semantic context effects: Individual differences in the use of semantic strategies,,Exp 3,7,32,90 trials (sentence processing task materials from Exp 2),English,N/A,N/A,Sentence processing task (decide if true fact). Contextual cueing (semantic context effects).,Reading performance (percentage change score in reading rate between difficult and easy passages).,The outcome supported the semantic strategy interpretation and the generalization of strategies to normal reading.,N/A,N/A,N/A,N/A,N/A,Group comparison/analysis based on reading performance groups.,N/A,N/A,N/A,N/A,N/A,N/A
Elgort_2014_L2_Vocabulary_Learning.pdf.pdf,L2 Vocabulary Learning From Reading: Explicit and Tacit Knowledge of Form and Meaning,,Semantic Priming LDT,8,N/A,N/A,English (L2),"Mixed (e.g., Cantonese/Mandarin, German, Spanish)",English (L2),Semantic priming LDT (using newly learned pseudoword primes).,"Lexical proficiency (VST, WordCV). Age of L2 acquisition (L2Age). Individual reading comprehension scores (CompScore). Self-reported strategies (Strat).","Semantic facilitation was reliably more likely for participants who started learning English earlier in life (L2Age), scored higher on text comprehension (CompScore), and reported using vocabulary learning strategies (Strat).","Interaction L2Age: t = 2.40, SE = .01; Interaction CompScore: t = –1.91, SE = .01; Interaction Strat: t = –1.92, SE = .01.",N/A,N/A,N/A,Gender. RTs to primes.,LME analysis. Mixed logit model (for meaning generation analysis). Backward-fitting model selection procedure.,N/A,N/A,N/A,N/A,N/A,N/A
Elgort_2014_L2_Vocabulary_Learning.pdf.pdf,L2 Vocabulary Learning From Reading: Explicit and Tacit Knowledge of Form and Meaning,,Form Priming LDT,6,N/A,N/A,English (L2),Mixed,English (L2),Masked Form Priming LDT.,"Lexical proficiency (VST, WordCV). Age of L2 acquisition (L2Age). L1 group (alpha). Reading comprehension scores (CompScore). Self-reported strategies (Strat).",VST and WordCV showed significant fixed effects in predicting log RTs. L1 (alpha) also showed a significant fixed effect.,"VST: Coef. β = -0.09, t = -2.97; WordCV: Coef. β = 0.10, t = 3.17; L1(alpha): Coef. β = 0.09, t = 2.89.",N/A,N/A,N/A,"Age, PrevRT.",Linear Mixed-effects Model (LMM).,N/A,N/A,N/A,N/A,N/A,N/A
Elias_2022_Cross-language_interactions_during.pdf.pdf,Cross-language interactions during second language vocabulary learning: Effects of word type and learner characteristics,,L1 Visual Lexical Decision Task (LDT) & Learning Protocol,6,54 (for main learning analyses),168 (in L1 LDT),Hebrew (L1 LDT); Arabic (FL),Native Hebrew speakers,"English (L2/L3), Arabic (FL)",Hebrew Visual Lexical Decision Task (LDT). Translation recognition test.,L1 verbal fluency. L1/L2/Arabic proficiency and use.,Individuals with lower L1 verbal fluency exhibited a learning advantage for false-cognates over control words. Processing of L1 words was affected after learning FL meanings.,N/A,N/A,N/A,N/A,"Phonological short-term memory abilities. Age, Gender.",Linear Mixed-effects Models (LMM/GLMM using buildmer function). ANOVA.,N/A,N/A,N/A,N/A,N/A,N/A
Fernandes_2025_Bilingualism_and_ageing.pdf.pdf,Understanding with the body: Modulation of relative embodiment effects by task and individual differences in Italian verb processing,,Exp 1 (LDT),9,35,800 (400 verbs + 400 pseudoverbs),Italian,Italian-speaking,N/A,Lexical decision task (LDT). Investigates Relative Embodiment (RE).,Verbal Meaning Task (VMT) total score (vocabulary skills).,The effect of Relative Embodiment (RE) on latencies decreased as participants’ vocabulary skills increased (significant interaction).,"Interaction RE * VMT: β = 0.02, p = .006.",Vividness of Movement Imagery Questionnaire-2 (VMIQ-2) subscale scores.,VMIQ-2 subscales inclusion did not improve model’s fit.,N/A,N/A,Linear Mixed-effects Model (LMM). Likelihood-ratio tests (LRTs).,Based on Sidhu et al. (2014).,0.8,47 (required to detect Cohen's d = 0.42),N/A,N/A,N/A
Fernandes_2025_Bilingualism_and_ageing.pdf.pdf,Understanding with the body: Modulation of relative embodiment effects by task and individual differences in Italian verb processing,,Exp 2 (GDT),9,44,160 trials (80 verbs + 80 nouns),Italian,Italian-speaking,N/A,"Grammatical decision task (GDT, go/no-go paradigm). Investigates RE effects.",Verbal Meaning Task (VMT) total score (vocabulary skills).,GDT latencies were generally faster for individuals with higher vocabulary skills (main effect).,N/A,Vividness of Movement Imagery Questionnaire-2 (VMIQ-2) subscale scores.,Inclusion of RE levels and VMIQ-2 subscales did not improve model’s fit.,N/A,N/A,Linear Mixed-effects Model (LMM). Likelihood-ratio tests (LRTs).,Sensitivity power analysis.,0.8,N/A,N/A,N/A,N/A
Fernandes_2025_Bilingualism_and_ageing.pdf.pdf,Understanding with the body: Modulation of relative embodiment effects by task and individual differences in Italian verb processing,,Exp 3 (MRT),10,85,140 verbs,Italian,Italian-speaking,N/A,Memory Recognition Task (MRT). Semantic processing (RE effects).,Verbal Meaning Task (VMT) total score (vocabulary skills).,MRT log-transformed zRTs showed a significant negative main effect of Verbal Meaning Task score.,"VMT: β = -0.13, p = .009, IR² = .016.",VMIQ-2 subscales.,Interaction involving RE levels and VMIQ-2 subscales was not significant (p = .488).,N/A,N/A,Linear Mixed-effects Model (LMM). ANOVA.,Power analysis based on Sidhu & Pexman (2016). Sensitivity power analysis.,0.8,N/A,75 (required to detect Cohen’s d = 0.33),N/A,N/A
Frau_2025_Understanding_with_the.pdf.pdf,Understanding with the body: Modulation of relative embodiment effects by task and individual differences in Italian verb processing,,Exp 1 (LDT),9,35,800 (400 verbs + 400 pseudoverbs),Italian,Italian-speaking,N/A,Lexical decision task (LDT). Investigates Relative Embodiment (RE).,Verbal Meaning Task (VMT) total score (vocabulary skills).,The effect of Relative Embodiment (RE) on latencies decreased as participants’ vocabulary skills increased (significant interaction).,"Interaction RE * VMT: β = 0.02, p = .006.",Vividness of Movement Imagery Questionnaire-2 (VMIQ-2) subscale scores.,VMIQ-2 subscales inclusion did not improve model’s fit.,N/A,N/A,Linear Mixed-effects Model (LMM). Likelihood-ratio tests (LRTs).,Based on Sidhu et al. (2014).,0.8,47 (required to detect Cohen's d = 0.42),N/A,N/A,N/A
Frau_2025_Understanding_with_the.pdf.pdf,Understanding with the body: Modulation of relative embodiment effects by task and individual differences in Italian verb processing,,Exp 2 (GDT),9,44,160 trials (80 verbs + 80 nouns),Italian,Italian-speaking,N/A,"Grammatical decision task (GDT, go/no-go paradigm). Investigates RE effects.",Verbal Meaning Task (VMT) total score (vocabulary skills).,GDT latencies were generally faster for individuals with higher vocabulary skills (main effect).,N/A,Vividness of Movement Imagery Questionnaire-2 (VMIQ-2) subscale scores.,Inclusion of RE levels and VMIQ-2 subscales did not improve model’s fit.,N/A,N/A,Linear Mixed-effects Model (LMM). Likelihood-ratio tests (LRTs).,Sensitivity power analysis.,0.8,N/A,N/A,N/A,N/A
Frau_2025_Understanding_with_the.pdf.pdf,Understanding with the body: Modulation of relative embodiment effects by task and individual differences in Italian verb processing,,Exp 3 (MRT),10,85,140 verbs,Italian,Italian-speaking,N/A,Memory Recognition Task (MRT). Semantic processing (RE effects).,Verbal Meaning Task (VMT) total score (vocabulary skills).,MRT log-transformed zRTs showed a significant negative main effect of Verbal Meaning Task score.,"VMT: β = -0.13, p = .009, IR² = .016.",VMIQ-2 subscales.,Interaction involving RE levels and VMIQ-2 subscales was not significant (p = .488).,N/A,N/A,Linear Mixed-effects Model (LMM). ANOVA.,Power analysis based on Sidhu & Pexman (2016). Sensitivity power analysis.,0.8,N/A,75 (required to detect Cohen’s d = 0.33),N/A,N/A
Foryś-Nogala_2025_Cumulative_L1-L2-L3_lexical.pdf.pdf,Cumulative L1–L2–L3 lexical activation in L3 word knowledge and recognition,,L3 Test & LDT,7,93 (55 for LDT analysis),120 keywords,"Italian (L3), English (L2), Polish (L1)",Polish (L1),"English (L2), Italian (L3)",Lexical Decision Task (LDT) on L3 keywords. L3 Vocabulary test (translation and sentence use).,L3-Italian proficiency (DIALANG). L2-English proficiency (DIALANG). Guessing tendencies.,Higher proficiency in L3-Italian was beneficial for translation accuracy of all word types. Detrimental effect of guessing tendencies diminished with growing L3-Italian proficiency.,"L3-Italian proficiency for sentence accuracy: z = 5.60, p < .001.",N/A,N/A,N/A,Associative learning (LLAMA-B). Working memory (PRSPAN).,Linear Mixed-effects Models (LMM/GLMM). Likelihood Ratio Tests (LRTs).,Sample size determined based on previous studies without prior power analysis.,N/A,N/A,N/A,N/A,N/A
Fricke_2022_Modulation_of_Cross-Language.pdf.pdf,Modulation of Cross-Language Activation by Individual Differences in Experience and Cognitive Control in English-Dominant Bilinguals,,LDT,7,89,240 trials,English (Auditory LDT),English (L1),Spanish (L2/Heritage),Auditory Lexical Decision Task (LDT).,"Spanish LexTALE scores (objective vocabulary knowledge). Principal Components (PCs) from language experience measures (e.g., Daily Spa Exposure, Spa AoA).",PC4 interacted significantly with Participant Group and Cognate Status on RTs. Spanish LexTALE scores interacted significantly with Noise Condition.,"Interaction PC4 + PC4:Group + PC4:CogStatus + PC4:CogStatus:Group: χ² = 3.9, p = 0.048.",N/A,N/A,N/A,"Age, Gender.",Linear Mixed-effects Models (LMM). ANOVA. Principal Components Analysis (PCA).,N/A,N/A,N/A,N/A,N/A,N/A
Frishkoff_2009_ERP_measures_of.pdf.pdf,ERP measures of graded lexical-semantic knowledge in the visual domain,,LDT,6,34,1800 trials (5 blocks of 360),English,Native English speakers (monolingual),N/A,"Lexical Decision Task (LDT), modified to access word meanings.","Vocabulary skill groups (High, Average, Low) based on Nelson–Denny vocabulary scores.",High-skilled participants showed specialized localization of ERP factors (F640 factor points to left ventral temporal regions) related to graded word knowledge.,N/A,N/A,N/A,N/A,N/A,ERP analysis,N/A,N/A,N/A,N/A,N/A,N/A
García-Castro_2020_The_effects_of.pdf.pdf,"The effects of prior word knowledge, context and task type on L2 incidental acquisition: A semantic priming study",,Semantic Priming Study,6,56 (28 Spanish L2 learners + 28 English L1 controls),N/A,English,Spanish and English,English (for learners),Semantic priming/Lexical Decision Task.,Vocabulary knowledge (online vocabulary size test scores). L1 Group (Spanish/English).,"A main effect of vocabulary size was observed, with RTs significantly related to vocabulary size.","β = -0.4418, SE = 0.02129, t = -2.075, p < 0.05.",N/A,N/A,N/A,Recall score (from offline configuration task).,Linear mixed-effects model (LMEM).,N/A,N/A,N/A,N/A,N/A,N/A
Goh_2020_The_Auditory_English.pdf.pdf,"The Auditory English Lexicon Project (AELP): A Multi-Talker, Multi-Dialect Megastudy of Auditory Word Recognition",,ALD Megastudy,5,438,"10,170 words + nonwords compiled",English,English,N/A,Auditory Lexical Decision Task (ALD).,Vocabulary score (60-item subset). Spelling score. Ghent vocabulary score.,N/A,N/A,N/A,N/A,N/A,"Gender, Age, Handedness.",LMM. ANOVA. Item-level regression analyses. PCA.,N/A,N/A,N/A,N/A,N/A,N/A
Goodhew_2015_Enhanced_semantic_priming.pdf.pdf,Enhanced semantic priming in synesthesia: A large-scale study,,LDT & SCT,5,"48 (26 controls, 22 synesthetes)",114 trials per block,English (Australian English),N/A,N/A,Semantic priming tasks: Lexical decision task (LDT) and Semantic categorization task (SCT).,N/A,N/A,N/A,N/A,N/A,N/A,Synesthesia.,ANOVA implied.,N/A,N/A,N/A,N/A,N/A,N/A
Gosselin_2021_Lexical-semantic_processing_costs.pdf.pdf,Lexical-semantic processing costs of code-switching are modulated by habitual switching experience,,ERP Study,6,N/A,360 items (60 sentence frames x 6 conditions),French and English (Code-switching),N/A,French and English,Silent sentence reading (RSVP paradigm). Validity analysis (ERP gender congruency).,Group (Habitual vs. Non-habitual code-switchers). Percentage of current interactions in English.,Switching habits correlated negatively with neural responses to French determiner code-switched DPs. % Interactions in English correlated negatively with neural responses.,Switching habits correlation (300-500ms): -.264*. % Interactions correlation (300-500ms): -.483**.,N/A,N/A,N/A,N/A,Linear Mixed-effects Models (LMEM). Bayesian inclusion factors assessed.,N/A,N/A,N/A,N/A,N/A,N/A
Grey_2015_The_role_of.pdf.pdf,The role of cognitive capacity and L2 exposure in the development of L2 Spanish grammatical and lexical proficiency,,LDT,6,26,160 items (80 words + 80 nonwords),Spanish (L2),N/A,Spanish (L2),Lexical Decision Task (LDT).,N/A,"N/A (Correlation results with cognitive capacity are largely null, but significant gain in RT demonstrated after exposure).","Overall RT decrease (gain) after 5 weeks: t(25) = 3.58, p = .001, d = 0.70.",N/A,N/A,N/A,Sentence Span Working Memory Task. L1/L2 Nonword Repetition Task (NWRT).,Paired-samples t-tests. Correlation analyses.,N/A,N/A,N/A,N/A,N/A,N/A
Guan_2020_Cross-Linguistic_Word_Recognition.pdf.pdf,"Cross-Linguistic Word Recognition in Chinese-English Bilingual Children: The Role of Word Frequency, Phonological Awareness, and Orthographic Awareness",,LDT,6,N/A,N/A,English (LDT),Chinese and English bilingual children,Chinese and English,Lexical Decision Task (LDT) in English.,Phonological awareness (PA). Orthographic awareness (OA).,Frequency interacted with phonological awareness (p < 0.001) and orthographic awareness (p = 0.02) in predicting LDT RT.,"Frequency x PA: Estimate -0.27, p < 0.001. Frequency x OA: Estimate 2.26, p = 0.02.",N/A,N/A,N/A,Student grade level.,Linear mixed-effects model (LMM).,N/A,N/A,N/A,N/A,N/A,N/A
Hargreaves_2012_How_a_hobby.pdf.pdf,How a hobby can shape the mind: Cognitive and neural differences between Scrabble experts and matched controls,,Exp 2 (Scrabble Experts vs. Controls),6,46 (Scrabble Experts + Controls estimated),200 (100 words/100 nonwords),English,N/A,N/A,Lexical Decision Task (LDT). Semantic dimension (concreteness) effects investigated.,"Scrabble expertise. RART Print Exposure score, NAART Vocabulary score, COWAT Word Fluency scores.",Scrabble expertise resulted in a significantly smaller concreteness effect (25 ms) compared to controls (79 ms).,"Interaction expertise x concreteness: F1(1, 44) = 4.27, p = .045, η² = .09.",N/A,N/A,N/A,"Age, WAIS Digit–Symbol Speed.",ANOVA (2 x 2 x 2 design). t-tests.,N/A,N/A,N/A,N/A,N/A,N/A
Haro_2024_The_role_of.pdf.pdf,The role of individual differences in emotional word recognition: Insights from a large-scale lexical decision study,,LDT Megastudy,8,918,7500 words + 7500 pseudowords (600 trials/participant),Spanish,N/A,N/A,Lexical Decision Task (LDT). Investigates emotional valence and arousal.,N/A,"Emotional valence effects are influenced by personality traits, age, and gender.","Valence * Openness to experience: Estimate 1.51, t = 4.55, p < 0.001. Valence * Participant gender: Estimate 3.24, t = 4.49, p < 0.001.",N/A,N/A,N/A,Personality traits (Big Five). Participant age and gender.,Linear mixed effects model (LMEM).,N/A,N/A,N/A,N/A,N/A,N/A
Heikkilä_2024_Relating_foveal_and.pdf.pdf,Relating foveal and parafoveal word processing efficiency to eye movements during reading: A random forest and generalized linear mixed modeling approach,,Foveal/Parafoveal Tasks,7,74,565 items used across models,Finnish,Native Finnish speakers,N/A,"Lexical Decision, Word Naming, Pseudoword Naming (used as predictor measures of reading fluency/efficiency).","Foveal word processing efficiency (Foveal word naming accuracy, Foveal lexical decision accuracy).",Higher efficiency scores in LDT/Naming led to a lower probability of refixating a word and higher probability of word skipping.,"Foveal lexical decision at 60 ms on refixation probability: OR = .787, SE = .065.",N/A,N/A,N/A,N/A,GLMM. LMM. Random Forests.,Simulation (simR package).,0.8,N/A (Sample size deemed sufficient),N/A,N/A,N/A
Heitmeier_2023_How_trial-to-trial_learning.pdf.pdf,How trial-to-trial learning shapes individual differences in the lexical decision task,,DLM Modelling of BLP,7,78,"28,730 words + 28,730 nonwords",English (British Lexicon Project),N/A,N/A,Lexical Decision Task (LDT). Semantic vectors/embeddings used.,Log Word frequency. Log Neighbourhood size.,Slower subjects had a stronger effect of Word length. Log Word frequency showed a weak correlation with random effects.,N/A,N/A,N/A,N/A,Trial number. Processing speed/RT.,Linear Mixed-effects Models (LMM). Generalized Additive Models (GAMs).,N/A,N/A,N/A,N/A,N/A,N/A
Henderson_2011_The_N400_effect.pdf.pdf,The N400 effect and expressive vocabulary in children: A study using pictures and words,,ERP Study,6,17 (Estimated based on DOF),104 picture-word pairs,English (British English),N/A,N/A,Picture-word matching task (Semantic congruency).,Expressive vocabulary knowledge (Definitions Task total score).,Definitions scores were significantly correlated with receptive vocabulary scores.,"Correlation r = .65, p < .01.",N/A,N/A,N/A,N/A,Repeated measures ANOVA. Correlation analysis.,N/A,N/A,N/A,N/A,N/A,N/A
Herzig_2015_Hemispheric_language_asymmetry.pdf.pdf,Hemispheric Language Asymmetry in First Episode Psychosis and Schizotypy: The Role of Cannabis Consumption and Cognitive Disorganization,,Lateralized LDT,4,119,N/A,English,Fluent English speaking,N/A,Lexical Decision Task (LDT).,N/A,N/A,N/A,N/A,N/A,N/A,"Cognitive Disorganization (CogDis score). Psychotic symptoms (PANSS). Age, Handedness.",Partial Spearman’s rho correlations (controlling for age and handedness). t-tests.,N/A,N/A,N/A,N/A,N/A,N/A
Hintz_2020_Shared_Lexical_Access.pdf.pdf,Shared Lexical Access Processes in Speech Production and Comprehension: Evidence From Individual Differences,,Auditory Lexical Decision (ALD),8,N/A,N/A,N/A,N/A,N/A,Auditory Lexical Decision (ALD).,Vocabulary size (PPVT score).,PPVT (vocabulary size) did not significantly affect model fit for word responses.,N/A,N/A,N/A,N/A,Processing Speed Factor (PS-Fac). Nonverbal intelligence (APM).,Linear mixed effects model (LMEM). Factor analysis.,N/A,N/A,N/A,N/A,N/A,N/A
Hoffman_2015_Triangulation_of_the.pdf.pdf,"Triangulation of the Left Anterior Temporal Lobe’s Role in Word Reading: Evidence From Normative Data, Individual Differences, and Dynamic Causal Modeling",,Reading Aloud & fMRI,6,26,N/A,English,Native English speakers,N/A,Reading aloud (single words). Semantic Richness (SR) tested.,Behavioral measure of Semantic Richness (SR).,Participants with low SR did not activate the lateral ATL at all.,N/A,N/A,N/A,N/A,N/A,ANOVA. Dynamic Causal Modeling (DCM).,N/A,N/A,N/A,N/A,N/A,N/A
Holyk_2004_The_elusive_nature.pdf.pdf,The elusive nature of the phonological skill effect in visual word recognition,,Exp 1b,5,50,192 trials,English,Fluent English speakers,N/A,Phonological priming (LDT implied).,Phonological skill (measured via Naming RT and Naming error).,N/A,N/A,N/A,N/A,N/A,Perceptual skill score.,t-tests.,N/A,N/A,N/A,N/A,N/A,N/A
Huete-Pérez_2023_Individual_differences_in.pdf.pdf,Individual differences in visual word recognition: the role of epistemically unwarranted beliefs on affective processing and signal detection,,LDT,7,97,600 (300 words + 300 pseudowords),Spanish,N/A,Catalan (implied),Lexical decision task (LDT). Measures valence and arousal effects.,N/A,N/A,N/A,N/A,N/A,N/A,Epistemically unwarranted beliefs (EUB).,Linear Mixed-effects Models (LMEM).,"Following published guidelines (Scherbaum & Ferreter, 2009; Brysbaert & Stevens, 2018).",N/A,N/A,N/A,N/A,N/A
Huete-Pérez_2023_Individual_differences_in.pdf.pdf,Individual differences in visual word recognition: the role of epistemically unwarranted beliefs on affective processing and signal detection,,Recognition Memory Task (RMT),7,"87 (97 recruited, 10 excluded)","147 items (74 old, 73 new)",Spanish,N/A,Catalan (implied),Recognition Memory Task (RMT).,N/A,N/A,N/A,N/A,N/A,N/A,Epistemically unwarranted beliefs (EUB).,Signal detection theory analyses. Correlation analysis.,Following published guidelines.,N/A,N/A,N/A,N/A,N/A
Huete-Pérez_2025_Individual_differences_in.pdf.pdf,Individual differences in associative/semantic priming: the role of epistemically unwarranted beliefs,,Primed LDT,8,98,400 word-word trials (200 critical),Spanish,N/A,Catalan (implied),Primed Lexical Decision Task (LDT). Associative/semantic priming.,N/A,Believers in certain EUB instances may experience enhanced spreading of activation (facilitation in related and unrelated pairs) compared to non-believers.,N/A,N/A,N/A,N/A,Epistemically Unwarranted Beliefs (EUB).,Bayesian Linear Mixed-effects Models (LMEMs).,Following rule of thumb (minimum 30-50 participants/items).,N/A,N/A,N/A,N/A,N/A
Hutchinson_2013_Language_statistics_and.pdf.pdf,Language statistics and individual differences in processing primary metaphors,,Exp 1 (Valence),8,74 native English speaking undergraduates participated; 34 subjects (24 females) in vertical presentation condition and 40 subjects (29 females) in horizontal presentation condition,150 (50 pairs + 100 filler items),English,Native English speaking undergraduates,,Semantic relatedness judgment of word pairs,Statistical linguistic frequencies,Statistical linguistic frequencies explained response times (RTs) of stimulus pairs in both vertical and horizontal configurations.,Effect sizes for statistical linguistic frequencies were consistently at least two times larger than those reported in Meier and Robinson (2004).,,,,Participant gender.,"Mixed effects analyses, t-tests.",,,,,,
Hutchinson_2013_Language_statistics_and.pdf.pdf,Language statistics and individual differences in processing primary metaphors,,Exp 2 (Authority),8,79 different native English speaking undergraduate participants. 41 subjects (28 females) in vertical condition and 38 subjects (27 females) in horizontal condition.,Procedure identical to Experiment 1,English,Native English speaking undergraduate,,Semantic relatedness judgment of word pairs (procedure identical to Experiment 1),Statistical linguistic frequencies (operationalized in the same way as Experiment 1),Linguistic factor again explained RTs both in the vertical and horizontal conditions. Powerful–powerless word pairs were more frequent than powerless–powerful word pairs.,Effect sizes similar to those found in Experiment 1.,,,,Participant gender.,"MCMC sampling, t-test, mixed effects analyses.",,,,,,
Hutchinson_2013_Language_statistics_and.pdf.pdf,Language statistics and individual differences in processing primary metaphors,,Exp 3 (Temperature),8,72 different undergraduate native English speakers participated. 41 subjects (29 females) in vertical condition and 31 subjects (24 females) in horizontal condition,66 (22 pairs + 44 filler items),English,Native English speakers,,Semantic relatedness judgment of word pairs (procedure identical to that of Experiments 1 and 2),Statistical linguistic frequencies (operationalized in the same way as Experiments 1–3),Investigated whether statistical linguistic frequencies explained RTs of word pairs related to temperature.,,,,,Participant gender.,Mixed effects analyses.,,,,,,
Hutchinson_2013_Language_statistics_and.pdf.pdf,Language statistics and individual differences in processing primary metaphors,,Exp 4 (Gender),8,77 different undergraduate native English speakers participated. 39 subjects (27 females) in vertical condition and 38 subjects (27 females) in horizontal condition,96 (32 pairs + 64 filler pairs),English,Native English speakers,,Semantic relatedness judgment of word pairs (procedure identical to that of Experiments 1–3),Statistical linguistic frequencies (operationalized in the same way as Experiments 1–3),Investigated to what extent statistical linguistic frequencies explained RTs of word pairs related to gender. Male–female pairs had higher frequencies than female–male pairs.,,,,,Participant gender.,"Mixed effects analyses, t-test.",,,,,,
Kahraman_2021_Letter_transpositions_and.pdf.pdf,Letter transpositions and morphemic boundaries in the second language processing of derived words: An exploratory study of individual differences,,Exp 1,9,29 students volunteered,348 (58 targets * 6 prime types),English (L2),Turkish (L1),English (L2),Masked primed lexical decision experiment,Reading proficiency test battery (including knowledge of vocabulary),Individual variability mediated group-level priming patterns. Magnitude of morphological priming effects diminished as the knowledge of vocabulary expanded.,"Significant results regarding the interaction between each priming type and each individual differences measure are reported in Table 5 through estimates for each contrast, standard error, t ratio and p values.",,,,Reading skills/proficiency measures including nonword reading.,"Exploratory analysis, stepwise selection procedure, mixed-effects logistic regression models.",Reference to recommendations,,Below the recommendations for an ideally powered study,,"Below the recommended number of 1,600 trials",
"Kahraman_2024_Sand,_Sandpaper,_and.pdf.pdf","Sand, Sandpaper, and Sandwich: Morphological Decomposition in L1 and L2 Compound Processing is Modulated by Individual Differences in Vocabulary and Lexical Expertise",,Exp 1A (L1 English speakers),9,95 (126 recruited),96 target words preceded by three morphological conditions and their unrelated controls,English,English (L1 speakers),,Masked priming lexical decision task,"Spelling, vocabulary, and reading tests. Composite score of language proficiency and exposure from LEAP-Q.",None of the proficiency tests or individual variables significantly interacted with relatedness and prime type.,"χ2(2) = 0.51, p = 0.77 for spelling; χ2(2) = 0.12, p = 0.94 for vocabulary; χ2(2) = 0.12, p = 0.94 for reading; χ2(2) = 0.08, p = 0.95 for the composite score of language proficiency and exposure.",,,,Testing modality (in-person vs web-delivered).,Linear mixed-effects (LME) models implemented in R. Post-hoc tests using the emmeans package. ANOVA (Type III model comparisons).,Preregistered predictions,,,,,
"Kahraman_2024_Sand,_Sandpaper,_and.pdf.pdf","Sand, Sandpaper, and Sandwich: Morphological Decomposition in L1 and L2 Compound Processing is Modulated by Individual Differences in Vocabulary and Lexical Expertise",,Exp 1B (L2 English speakers),9,120 (125 recruited),Same materials as Experiment 1A. 96 target words preceded by related/unrelated primes.,English,Chinese (majority),English (L2),Masked priming lexical decision task,"Spelling, vocabulary, and reading tests. LEAP-Q (Language Experience and Proficiency Questionnaire). Self-reported language proficiency and exposure, age of language acquisition.",Analyses were conducted to assess whether language proficiency tests or variables from LEAP-Q contributed significantly to producing a better fitting model.,,,,,Testing modality (in-person vs web-delivered).,Linear mixed-effects (LME) models.,Preregistered analyses were conducted to test the priming effects in L2 speakers and to directly compare the effect sizes in L1 and L2,,,,,
Kahraman_2025_Two_decades_later.pdf.pdf,Two decades later: The role of morphological boundaries in transposed-letter priming is moderated by language proficiency,,Exp 1A (L1 English speakers),9,98 (129 recruited),324 (54 targets * 6 prime types),English,English (L1 speakers),,Masked primed lexical decision experiment,"Spelling, vocabulary, and reading tests. Language Experience and Proficiency Questionnaire (LEAP-Q).",TL-across priming appeared to differ as a function of spelling ability.,,,,,Positional specific bigram frequency (stimulus variable). Testing modality (lab or online).,Linear mixed-effect (LME) modelling. Post-hoc comparisons using the emmeans package.,"Study noted previous limitation: Christianson et al. (2005) total trials significantly below the recommended number of 1,600 trials for repeated-measures analyses",,,,,
Kahraman_2025_Two_decades_later.pdf.pdf,Two decades later: The role of morphological boundaries in transposed-letter priming is moderated by language proficiency,,Exp 1B (L2 English speakers),9,97 (126 recruited),324 (54 targets * 6 prime types),English,Chinese (L1 speakers),English (L2),Masked primed lexical decision experiment,"Language Experience and Proficiency Questionnaire (LEAP-Q). Reading skills test battery (spelling, vocabulary, reading).",L2 language proficiency and L2 profile modulated the size of morphological and TL-priming. Factor 5 (exposure to L2 English through media) exhibited a trend towards interaction with TL-within priming.,"Factor 5 x TL-within priming: β = -0.09, SE = 0.05, z = 1.77, p = .07.",,,,Testing modality (lab or online).,Linear mixed-effect (LME) modelling. Exploratory Factor Analysis (EFA) on LEAP-Q responses.,"Study noted previous limitation: Christianson et al. (2005) total trials significantly below the recommended number of 1,600 trials for repeated-measures analyses",,,,,
Muraki_2021_Simulating_Semantics_Are.pdf.pdf,Simulating Semantics: Are individual differences in motor imagery related to semantic processing?,,LDT,10,161 participants recruited,"13,068 (included trials)",English,English (131 reported completely fluent),,Lexical Decision Task (LDT),North American Adult Reading Test (NAART),NAART score significantly predicted LDT Response Time (RT).,"b = -0.127, t = -3.198, p = .002**","Florida Praxis Imagery Questionnaire (FPIQ) Kinesthetic/Position/Action/Object subscales. Vividness of Movement Imagery Questionnaire 2 (VMIQ-2). Test of Ability in Movement Imagery (TAMI). Mental Rotation Task (MRT) accuracy. Hand Laterality Task (HLT) mean response time. Action Rotation factor score, Vivid Imagery factor score.","No significant main effects or interactions found between motor imagery factor scores (Action Rotation, Vivid Imagery) and LDT RT, nor modulation of the Word Type (High vs Low BOI) effect.","Action Rotation: b = 0.028, p = .575; Vivid Imagery: b = -0.001, p = .989. Interaction Word TypeAction Rotation: b = -0.002, p = .927; Interaction Word TypeVivid Imagery: b = -0.014, p = .417.",Gender.,Linear Mixed Effects (LME) Models. Bayesian Factor (BF) analysis.,Schonbrodt and Perugini (2013) recommendation for stable correlation. Gignac and Szodorai (2016) recommendation for exploratory factor analysis.,Stable correlation of 0.10 with 95% CI at a 0.20 corridor of stability width,N/A,At least 116,,
Muraki_2021_Simulating_Semantics_Are.pdf.pdf,Simulating Semantics: Are individual differences in motor imagery related to semantic processing?,,SCT,10,161 participants recruited,"11,357 (included trials)",English,English (131 reported completely fluent),,Syntactic Classification Task (SCT),North American Adult Reading Test (NAART). Hand Laterality Task Quotient (HLQ).,NAART score significantly predicted SCT Response Time (RT).,"NAART: b = -0.139, t = -4.265, p <.001***","Florida Praxis Imagery Questionnaire (FPIQ) Kinesthetic/Position/Action/Object subscales. Vividness of Movement Imagery Questionnaire 2 (VMIQ-2). Test of Ability in Movement Imagery (TAMI). Mental Rotation Task (MRT) accuracy. Hand Laterality Task (HLT) mean response time. Action Rotation factor score, Vivid Imagery factor score.",No significant main effects for Action Rotation or Vivid Imagery on SCT RT. Interaction between Word Type and FPIQ Position was significant in LME model (Word Type*FPIQ Position).,"Interaction Word Type*FPIQ Position: b = -0.061, p = .008**.",Gender. Handedness.,Linear Mixed Effects (LME) Models. Bayesian Factor (BF) analysis.,Schonbrodt and Perugini (2013) recommendation for stable correlation. Gignac and Szodorai (2016) recommendation for exploratory factor analysis.,Stable correlation of 0.10 with 95% CI at a 0.20 corridor of stability width,N/A,At least 116,,
Muraki_2021_Simulating_Semantics_Are.pdf.pdf,Simulating Semantics: Are individual differences in motor imagery related to semantic processing?,,SPVT,10,161 participants recruited,Trials included/excluded not explicitly listed for SPVT in excerpt,English,English (131 reported completely fluent),,Semantic Plausibility Verification Task (SPVT),North American Adult Reading Test (NAART). Hand Laterality Task Quotient (HLQ).,NAART did not significantly predict SPVT Response Time (RT). HLQ did not significantly predict SPVT RT.,"NAART: b = -0.047, p = .395; HLQ: b = 0.019, p = .721",Florida Praxis Imagery Questionnaire (FPIQ) Kinesthetic/Position/Action/Object subscales. Vividness of Movement Imagery Questionnaire 2 (VMIQ-2). Test of Ability in Movement Imagery (TAMI). Mental Rotation Task (MRT) accuracy. Hand Laterality Task (HLT) mean response time.,HLT mean response time significantly predicted SPVT Response Time. No significant interactions found between Trial Type (Plausible/Implausible) and imagery measures.,"HLT: b = 0.111, t = 2.043, p = .043*.",Gender.,Linear Mixed Effects (LME) Models. Bayesian Factor (BF) analysis.,Schonbrodt and Perugini (2013) recommendation for stable correlation. Gignac and Szodorai (2016) recommendation for exploratory factor analysis.,Stable correlation of 0.10 with 95% CI at a 0.20 corridor of stability width,N/A,At least 116,,
Muraki_2023_Meaning_in_hand.pdf.pdf,Meaning in hand: The relationship between motor imagery and sensorimotor semantic processing,,Exp 1 (BOI SCT),10,154 retained (185 participants completed),200 (100 noun stimuli + 100 verb distractors),English,English (L1=107),(L2 speakers reported fluency levels),Syntactic Classification Task (SCT) where participants responded only to nouns.,,"Two interactions were observed between imagery ability (FPIQ) and BOI effects in semantic processing (RT and accuracy). Poorer imagery ability was associated with null BOI effects, whereas better imagery was associated with BOI effects.",N/A,"Florida Praxis Imagery Questionnaire (FPIQ) Position subscale, Kinesthetic subscale. Vividness of Movement Imagery Questionnaire 2 (VMIQ-2). Mental Body Rotation Task (MBRT). Test of Ability in Movement Imagery (TAMI).",Significant interaction between FPIQ Position subscale scores and BOI effect on RT. Significant interaction between BOI and FPIQ Kinesthetic on accuracy.,"BOIFPIQ Position interaction on RT: p = 0.009. BOIFPIQ Kin interaction on Accuracy: OR = 1.26, p = 0.014.",Edinburgh Handedness Inventory (EHI) Quotient (Handedness control).,Linear Mixed Effects (LME) models. Logistic Regression for accuracy. Likelihood Ratio Tests for model comparisons.,Schönbrodt & Perugini (2013) recommendation for stable correlation (r=0.10).,Correlation stabilization width of 0.15 for r=0.10,N/A,N = 158,N/A,N/A
Muraki_2023_Meaning_in_hand.pdf.pdf,Meaning in hand: The relationship between motor imagery and sensorimotor semantic processing,,Exp 1 (Foot/Leg SCT),9,154 retained (185 participants completed),160 trials (80 target + 80 distractor verbs),English,English (L1=107),(L2 speakers reported fluency levels),Syntactic Classification Task (SCT) where participants responded only to verbs.,,,,N/A,"FPIQ subscales. VMIQ-2, TAMI, MBRT LISAS.",The foot/leg action effect did not significantly interact with individual differences in motor imagery.,No significant interaction reported.,EHI. MBRT LISAS (motor/speed).,Linear Mixed Effects (LME) models. Logistic Regression for accuracy.,Schönbrodt & Perugini (2013) recommendation for stable correlation (r=0.10).,Correlation stabilization width of 0.15 for r=0.10,N/A,N = 158,N/A
Muraki_2023_Meaning_in_hand.pdf.pdf,Meaning in hand: The relationship between motor imagery and sensorimotor semantic processing,,Exp 2 (Hand/Arm SCT),10,157 retained (195 participants completed),200 (100 verbs + 100 filler nouns),English,English (L1=113),(L2 speakers reported fluency levels),Syntactic Classification Task (SCT) where participants responded only to verbs.,,,,N/A,"Hand Laterality Judgement Task (HLJT) LISAS. FPIQ subscales, VMIQ-2, TAMI, MBRT.",Observed a significant interaction between performance on a HLJT (assessing hand motor imagery) and sensorimotor effects in semantic processing of verbs associated with hand/arm action meaning.,"Hand/Arm ActionHLJT LISAS interaction on RT: b = -0.01, p = 0.036.",EHI.,Linear Mixed Effects (LME) models. Logistic Regression for accuracy. Likelihood Ratio Tests for model comparisons.,Schönbrodt & Perugini (2013) criteria (r=0.10).,Correlation stabilization width of 0.15 for r=0.10,N/A,N = 158,N/A
Muraki_2023_Meaning_in_hand.pdf.pdf,Meaning in hand: The relationship between motor imagery and sensorimotor semantic processing,,Exp 2 (Embodiment SCT),9,157 retained (195 participants completed),200 (100 verbs + 100 filler nouns),English,English (L1=113),(L2 speakers reported fluency levels),Syntactic Classification Task (SCT) where participants responded only to verbs.,,,,N/A,TAMI. MBRT LISAS. VMIQ-2. EHI.,TAMI scores significantly predicted SCT accuracy (indicating better motor imagery). The sensorimotor effect (embodiment effect) did not interact with individual differences in motor imagery.,"TAMI OR = 1.24, p = 0.041* (for accuracy).",EHI.,Linear Mixed Effects (LME) models. Logistic Regression for accuracy. Likelihood Ratio Tests for model comparisons.,Schönbrodt & Perugini (2013) criteria (r=0.10).,Correlation stabilization width of 0.15 for r=0.10,N/A,N = 158,N/A
Muraki_2025_Grasping_Variance_in.pdf.pdf,Grasping Variance in Semantic Norming: Individual Differences in Motor Imagery and Sensorimotor Semantic Ratings,,N/A,9,130 participants retained (164 recruited),45460 (observations in LME models),English,Monolingual English speakers,,Graspability ratings task (Semantic Ratings),N/A,,,N/A,"Vividness of Movement Imagery Questionnaire 2 (VMIQ-2). Florida Praxis Imagery Questionnaire (FPIQ) subscales (Kinesthetic, Position, Action, Object). Test of Ability in Movement Imagery with Hands (TAMI-h).",Significant relationship between motor imagery vividness (VMIQ-2) and absolute rating difference scores (variance measure). People with more vivid motor imagery provided ratings further from the mean.,"VMIQ-2 predicting absolute rating difference: b = -0.00, p = .002.",Handedness Quotient (Edinburgh Handedness Inventory).,Linear mixed effect models.,Preregistered hypotheses,,,,
Katz_2012_What_lexical_decision.pdf.pdf,What lexical decision tells us about individual differences in reading (Inferred from context of article sections),"Does not feature an individual difference measure related to imagery/perceptual/motor experience, focusing primarily on reading and language abilities.",N/A,0,,,,,,,"Lexical Decision (LD), Naming (NAM)","Woodcock-Johnson (WJ) tests, Test of Word Reading Efficiency (TOWRE)",,,N/A,,,"RAN, CTOPP",Correlational analysis,,,,,
Kim_2021_Effects_of_Print.pdf.pdf,Effects of Print Exposure on the Word Frequency Effect in a Web-Based Lexical Decision Task (Inferred/Abstract summary),"Does not feature an individual difference measure related to imagery/perceptual/motor experience, focusing primarily on print exposure (KART) and language skills (LS).",N/A,0,148 (153 recruited),240 stimuli (words and nonwords),Korean,Korean,,Lexical Decision Task (LDT),"Korean Author Recognition Test (KART) score, Language Skills (LS) test score",KART score still modulates word frequency effects.,"t = –2.61, p < 0.01 (in hierarchical regression model for frequency effect)",N/A,,,"Gender, college (covariates)",ANCOVA,,,,,,
Koutamanis_2024_Shared_representations_in.pdf.pdf,Shared representations in cognate comprehension and production: An online picture naming and lexical decision study with bilingual children,"Does not feature an individual difference measure related to imagery/perceptual/motor experience, focusing on bilingual language exposure and cognate effects.",N/A,0,,,,Greek,N/A (bilingual children),Greek/Dutch,"Lexical Decision Task, Picture Naming",Percentage of Dutch Exposure (self-reported metric),Percentage of Dutch Exposure was a significant predictor of Lexical Decision Accuracy (Negative effect).,"Lexical Decision Accuracy: B = -2.247, p = .004",N/A,,,"Language Context, Trial Number, Previous Trial Accuracy, Previous Trial logRT",Mixed effects models (Linear and Generalized Linear). Likelihood Ratio Tests (Anova function).,,,,,
Kuperman_2013_Reassessing_word_frequency.pdf.pdf,Reassessing word frequency as a determinant of word recognition for skilled and unskilled readers,"Does not feature an individual difference measure related to imagery/perceptual/motor experience, focusing on educational experience (LoEd vs HiEd) and subjective/objective frequency.",N/A,0,71 participants,81 English sentences,English,N/A (Monolingual context implied),N/A,"Eye-tracking study (reading for comprehension, gaze duration measure)","Experience (labeled as LoEd vs HiEd, proxy for skill/exposure)",Experience (LoEd vs HiEd) significantly interacted with predicted subjective frequency effects on gaze duration.,"LoEd:rcs(PredictSubjFreq)1: -0.0234, t = -2.64, p = 0.0082",N/A,,,,Linear regression model (Mixed-effects structure implied by previous work referenced),,,,,,
Lai_2022_Individual_differences_in.pdf.pdf,Individual differences in the integration of conflicting cues for word identification (Inferred/Abstract summary),"Focused individual difference analysis is on correlational estimates of cue compensation coefficients (lexical vs coarticulatory), and data from the AQ questionnaire (other ID measure) were unusable. Does not include required individual language experience or imagery measures.",N/A,0,42,224 items (8 steps × 4 frames × 7 repetitions),English,N/A (not specified but context implies English L1),N/A,Lexical decision task,N/A,,,AQ questionnaire (data unusable),N/A,,Individual estimates of lexical context and coarticulatory context coefficients.,Mixed-effects logistic models (lme4 package). Pearson’s correlation test.,,,,,,
Lai_2023_Impact_of_social.pdf.pdf,Impact of social-cognitive propensity on the processing of nontransparent meaning: Evidence from Mandarin Chinese,"Individual difference measure is Autism-Spectrum Quotient (AQ), not language experience or imagery/perceptual/motor experience.",N/A,0,"54 (56 recruited, 2 excluded)","30 sets of four sensical conditions, 20 sets of three nonsensical conditions",Mandarin Chinese (MC),Taiwanese Mandarin Chinese (MC),N/A,"Interpretation task (judging iterativity, rating naturalness)",N/A,,,N/A,,,Autism-Spectrum Quotient (AQ) scores.,Mixed-effects model analysis (lmer syntax provided).,,,,,,
Lau_2024_Higher_autism_trait.pdf.pdf,Higher autism trait severity is associated with smaller neural congruency effect during emotional speech integration (Inferred/Abstract summary),"Individual difference measures focus on Autism trait severity (ADOS) and general cognitive ability (IQ), not imagery/perceptual/motor experience.",N/A,0,"46 (32 Male, 14 Female)",240 trials in total per person,Cantonese,N/A (Children),N/A,Semantic valence task (judging word meaning as positive or negative),Language ability (HKCOLAS),"N/A (Effect of language controlled for, not focus of outcome)",,N/A,,,"ADOS raw total score, IQ, Sex.","ANCOVAs, PCA, post hoc regressions.",,,,,,
Lee_2019_Development_and_assessment.pdf.pdf,Development and assessment of the Korean Author Recognition Test (KART) and its relationship to lexical processing (Inferred/Abstract summary),"Does not feature an individual difference measure related to imagery/perceptual/motor experience, focusing on print exposure (KART) and vocabulary.",N/A,0,104 (105 recruited),"120 Korean words and 120 nonwords (Inferred, 240 stimuli total based on LDT structure discussed in subsequent replication)",Korean,Korean,N/A,Lexical decision task (LDT),"Korean Author Recognition Test (KART), subjective familiarity ratings",,,,N/A,,,,,,,,,
Lewellen_1993_Lexical_Familiarity_and.pdf.pdf,"Lexical Familiarity and Processing Efficiency: Individual Differences in Naming, Lexical Decision, and Semantic Categorization","Does not feature an individual difference measure related to imagery/perceptual/motor experience, focusing on lexical familiarity (ratings, vocabulary scores, questionnaire).",Exp 1 (Naming),0,"30 (15 High, 15 Low familiarity groups)",160 words,English,Native speakers of English,N/A,Visual Naming task,"Word familiarity ratings, vocabulary test scores, language experience questionnaire (selection measures)",High Ss were consistently faster than low Ss in naming visually presented words.,,N/A,,,"Neighborhood density, word frequency (stimuli factors).","ANOVA (repeated-measures, subjects and words treated as nested, random factors)",,,,,,
Lewellen_1993_Lexical_Familiarity_and.pdf.pdf,"Lexical Familiarity and Processing Efficiency: Individual Differences in Naming, Lexical Decision, and Semantic Categorization","Does not feature an individual difference measure related to imagery/perceptual/motor experience, focusing on lexical familiarity (ratings, vocabulary scores, questionnaire).",Exp 2 (Lexical Decision),0,70,"400 (200 words, 100 pseudowords, 100 unpronounceable nonwords)",English,Native speakers of English,N/A,Lexical Decision Task (LDT),"Word familiarity ratings, vocabulary test scores, language experience questionnaire (selection measures)","High subjects should be faster than low subjects in discriminating words from nonwords, particularly in the pseudoword block.","F(l, 69) = 13.23, MSe = 72.84 p < .001 (Main effect of group in subjective familiarity rating task)",N/A,,,"Word type (pseudoword vs nonword block), Neighborhood density, word frequency (stimuli factors).","ANOVA (repeated-measures, subjects and words treated as nested, random factors)",,,,,,
Lewellen_1993_Lexical_Familiarity_and.pdf.pdf,"Lexical Familiarity and Processing Efficiency: Individual Differences in Naming, Lexical Decision, and Semantic Categorization","Does not feature an individual difference measure related to imagery/perceptual/motor experience, focusing on lexical familiarity (ratings, vocabulary scores, questionnaire).",Exp 3 (Semantic Categorization),0,70,"120 stimulus words (60 category members, 60 noncategory members/foils)",English,Native speakers of English,N/A,Semantic Categorization task,"Word familiarity ratings, vocabulary test scores, language experience questionnaire (selection measures)",High subjects were faster and more accurate in rejecting homophone foils in semantic categorization. High subjects (718 ms) were reliably faster than low subjects (750 ms) on category words (item analysis only).,"Over all foils: F1(l, 68) = 4.29, MSe = 54,927.7, p < .05 (group effect on RT).",N/A,,,"Foil type (homophone foils, semantic foils, controls).",ANOVA (one-way for category words; 2 X 4 for foils),,,,,,
Lim_2020_Individual_differences_in.pdf.pdf,Individual differences in Cantonese Chinese word recognition: Insights from the Chinese Lexicon Project,"Does not feature an individual difference measure related to imagery/perceptual/motor experience, focusing on language proficiency, academic ability, and lexical fluency.",N/A,0,594,"Approx 2,808 stimuli (1,404 words + 1,404 nonwords) over three sessions per participant",Chinese (Cantonese),Native Cantonese-speaking students,N/A,Lexical decision task,"Self-rated language proficiency (PC1: knowledge of characters/spoken Cantonese), academic ability (PC2: GPA, entrance score, print exposure), lexical processing fluency (composite RT/accuracy z-score)",More fluent readers showed larger effects of word frequency and semantic transparency.,"Word Frequency × Fluency: χ2(1)=14.77, p<.001 (based on zRT). Semantic Transparency × Fluency: χ2(1)=8.28, p<.01 (based on zRT).",N/A,,,"Word frequency, semantic transparency, character frequency, stroke count, homophone density, phonological consistency (stimuli factors).",Linear mixed effects models. Hierarchical analytical approach.,Reference to limiting usability of RT measures,,,,,
Litcofsky_2016_Effects_of_language.pdf.pdf,Effects of language experience and cognitive factors on word production and comprehension in Spanish-English bilinguals,"Does not feature an individual difference measure related to imagery/perceptual/motor experience, focusing on language experience and cognitive factors (working memory, inhibitory control).",N/A,0,42 Spanish-English bilinguals,N/A (BNT uses 60 images + practice items),Spanish and English,Spanish,English,"Picture naming task (BNT), Lexical decision task (LDT)","Age of L2 acquisition (AoA), number of months in L2 environment (NumMonthsL2), self-rated proficiency, percent L2 use, codeswitching behavior",Better L1 comprehension was predicted by fewer months spent in an L2 environment. Better L2 comprehension was predicted by better working memory (WMC).,"L1 Comp: NumMonthsL2 (β = –.580, p < .001). L2 Comp: Ospan (β = .486, p < .01).",N/A,,,"Working Memory (Operation Span, Ospan), Inhibitory Control (Flanker task).",Multiple regression analyses. Correlational analyses.,,,,,,
Liu_2024_Individual_differences_in.pdf.pdf,Individual differences in brain function and structure predict language skills in semantic processing network (Inferred/Abstract summary),"Does not feature an individual difference measure related to imagery/perceptual/motor experience, focusing on language skills (PVT, ORRT) and neurobiological markers.",N/A,0,97 (100 unrelated subjects recruited),"N/A (fMRI task with 2 runs, 4 blocks of story condition and 4 blocks of math condition per run)",N/A (Language task is story comprehension/listening comprehension),N/A (HCP dataset),N/A,Story comprehension task (semantic processing task/contrast: story minus math),"Picture Vocabulary Test (PVT), Oral Reading Recognition Test (ORRT)",Investigated whether behavioral language skills can be explained and predicted by functional networks composed of regions with substantial individual differences.,Prediction performance evaluated by Pearson correlation coefficient between predicted and observed behavioral scores.,N/A,,,"Functional/structural neurobiological markers (fROVs, sROVs).",Correlation analysis (Pearson correlation). Connectome-based predictive modeling (CPM) using leave-one-out cross validation (LOOCV).,,,,,,
Lukic_2024_A_semantic_strength.pdf.pdf,A semantic strength model of developmental dyslexia (Inferred/Abstract summary),"Does not feature an individual difference measure related to imagery/perceptual/motor experience, focusing on semantic and letter fluency.",N/A,0,97 children with dyslexia,N/A (Timed fluency tests: 60 seconds per category),English,Native speakers of English language,N/A,Semantic fluency test (Word Generation test from NEPSY-II),Semantic ability (semantic fluency score),Investigated differences between high and average semantic fluency groups. High semantic fluency group had higher scores on various semantic clustering metrics.,,N/A,,,"Letter fluency, design fluency (controls for verbal processing speed). Reading ability scores (TOWRE-2, WJ tests, GORT comprehension).",t-test. ANOVA.,Study noted limitations including unequal sample sizes and small imaging study,,,,,
MahÃ©_2024_Error-monitoring_A_predictor.pdf.pdf,Error-monitoring: A predictor of reading acquisition? A longitudinal study (Inferred/Abstract summary),"Does not feature an individual difference measure related to imagery/perceptual/motor experience, focusing on error-monitoring and classical reading predictors.",N/A,0,"107 (recruited in kindergarten, with expected loss to 85 in Grade 2)",160 words and 160 pseudowords (for LDT),French,French native language,N/A,Lexical decision task (LDT),"Vocabulary test (Peabody test part), Oral comprehension test (E. CO.S.SE./TROG part). Classical predictors of reading abilities (PCA derived PCs).",N/A (Study outlines plan to test effects),,N/A,,,"Error-monitoring measures (MT, CT, CR, Amp) derived from Simon task and LDT.",Mixed effect linear models (lme4 and lmertest packages). PCA. Regression models. Likelihood ratio test (anova function).,"G*Power 3 (Faul et al., 2007)",0.8,"77 (for classical model, f2=0.15)","85 (for error monitoring models, f2=0.15)",,
Mainz_2017_Vocabulary_knowledge_predicts.pdf.pdf,Vocabulary knowledge predicts word recognition speed in Dutch adults (Inferred/Abstract summary),"Does not feature an individual difference measure related to imagery/perceptual/motor experience, focusing on vocabulary knowledge.",Exp 1 (University Students),0,75,180 (90 words and 90 nonwords),Dutch,Dutch,N/A,Lexical decision task,Vocabulary tests.,Vocabulary and word frequency were found to predict word recognition speed. Increased accuracy and faster responses were associated with higher vocabulary scores.,R2 ranged from 0.45 to 0.46 for LME models predicting lexical decision performance.,N/A,,,N/A,"Age, fluency in other languages (English, German, French, Chinese, Spanish).",Bivariate correlation analyses. Principal Component Analysis (PCA). Regression analyses (LME models).,,,,,
Mainz_2017_Vocabulary_knowledge_predicts.pdf.pdf,Vocabulary knowledge predicts word recognition speed in Dutch adults (Inferred/Abstract summary),"Does not feature an individual difference measure related to imagery/perceptual/motor experience, focusing on vocabulary knowledge.",Exp 2 (Vocational College Students),0,174 (N=57 excluded),180 (90 words and 90 nonwords),Dutch,Dutch,N/A,Lexical decision task,Vocabulary tests.,Vocabulary size did not show a main effect on lexical decision RTs. The interaction between word frequency and vocabulary score was significant.,Conditional R2 was 0.27 for all models.,N/A,,,N/A,"Age, fluency in other languages (English, German, Papiamento, Polish, Russian, Croatian, Turkish).",Linear mixed-effects modeling.,,,,,
McGinnis_2007_Metacomprehension_during_rare.pdf.pdf,Metacomprehension During Rare Word Comprehension (Inferred/Abstract summary),"Does not feature an individual difference measure related to imagery/perceptual/motor experience, focusing on metacomprehension and vocabulary.",N/A,0,,,4 rare word passages,English,N/A,N/A,Definition task (providing written definitions).,WAIS-R Vocabulary test.,WAIS-R Vocabulary score was correlated with task-specific inference measures.,WAIS-R Vocabulary x Inference: r = .300***,N/A,,,"Metacomprehension Scale (MCS) subscales (anxiety, confidence, strategy use, etc.). Confidence ratings.","Cluster analysis (Quick Cluster in SPSS, nonhierarchical). Univariate analysis of variance (ANOVA). Correlational analysis.",,,,,
Medeiros_2016_Not_everybody_sees.pdf.pdf,Not everybody sees the end of the word: individual differences in reading speed modulate masked suffix priming effects (Inferred/Abstract summary),"Does not feature an individual difference measure related to imagery/perceptual/motor experience, focusing on reading speed/reader profile.",N/A,0,130 native Spanish speakers,"1000 (500 suffixed words, 500 pseudowords for priming LDT)",Spanish,Native Spanish speakers,N/A,Masked suffix priming lexical decision experiment. Monomorphemic lexical decision test (for categorization).,Reading speed (categorized via median-split on monomorphemic LDT mean RT).,Suffix priming effect was significantly larger for the slower group than for the faster group (for which no such priming effect was found).,Correlation between LDT RT and net priming effect: r = 0.28 (Figure 2).,N/A,,,N/A,ANOVA. Generalized linear mixed-effect models (GLMM).,,,,,,
Meng_2022_Generalizable_predictive_modeling.pdf.pdf,Generalizable predictive modeling of individual differences in semantic processing using brain functional connectome (Inferred/Abstract summary),"Does not feature an individual difference measure related to imagery/perceptual/motor experience, focusing on a latent semantic processing factor derived from language and cognitive tests.",N/A,0,868,N/A (fMRI data analysis),N/A (HCP dataset),N/A (HCP dataset),N/A,"Semantic Processing (latent factor derived from PicVoc, ReadEng, ListSort, PicSeq, ProcSpeed)","Picture Vocabulary (PicVoc), Oral Reading Recognition (ReadEng)",Models built using functional connectivity predicted latent SP scores.,Prediction performance evaluated via correlation coefficient (r) between predicted and observed SP scores.,N/A,,,Cognitive control (CC) and Motor control (MC) components.,Confirmatory Factor Analysis (CFA). Connectome-based predictive modeling (CPM). Cross-validation procedures.,,,,,,
Mineroff_2018_A_robust_dissociation.pdf.pdf,A robust dissociation between the language and default mode networks across individuals (Inferred/Abstract summary),Investigates correlation of fMRI effect sizes between brain networks across individuals. No behavioral language experience or imagery/perceptual/motor individual difference measure is tested in relation to semantic/lexical task performance.,N/A,0,60,N/A (fMRI tasks used),English,Native speakers of English,N/A,N/A (Language Localizer contrast: sentences > nonword lists),N/A,,,N/A,,,N/A,N/A,Inter-region correlations in effect size. Cross-validation procedure. ANOVA.,,,,,
Momsen_2022_Developmental_differences_in.pdf.pdf,Developmental differences in the neural correlates of inferential word learning,"Does not feature an individual difference measure related to imagery/perceptual/motor experience, focusing on age and Core Language scores (CELF-5).",N/A,0,82 children (104 recruited),150 presentations of the pseudoword (50 total trials * 3 sentences per trial),English,Monolingual English speakers or English as primary language,N/A,Meaning identification task (inferential word learning),Language abilities (Core Language sub-tests of the CELF-5),Language abilities held a relationship with beta band dynamics during all sentences.,,N/A,,,Age.,Generalized linear mixed effects models (GLMER).,Study was observational/developmental,,,,,
Mor_2020_Individual_differences_in.pdf.pdf,Individual differences in L2 frequency effects in different script bilinguals,"Does not feature an individual difference measure related to imagery/perceptual/motor experience, focusing on L1/L2 vocabulary, exposure, and visual statistical learning (VSL).",N/A,0,69 Hebrew–English bilingual adults,120 (60 words + 60 non-words) per language,Hebrew (L1) and English (L2),Hebrew,English,Lexical decision task,"L2 vocabulary knowledge, L2 self-reported exposure, L1 vocabulary knowledge, L1 frequency slope","Only vocabulary knowledge in the second language was a significant predictor of frequency effects in the second language. L2 vocabulary knowledge significantly predicted frequency effects, whereas self-reported exposure did not.","L2 vocabulary x Word frequency: 3.0909, t=2.549, p < 0.01.",N/A,,,N/A,Visual statistical learning (VSL) performance (domain-general cognitive variable).,Linear mixed-effects models (LME).,"Reference to maximal random effect structure (Barr et al., 2013)",,,,
Ortells_2016_Individual_differences_in.pdf.pdf,Individual differences in working memory capacity modulate semantic negative priming from ignored words (Inferred/Abstract summary),"Does not feature an individual difference measure related to imagery/perceptual/motor experience, focusing on Working Memory Capacity (WMC).",N/A,0,"48 (24 low WMC, 24 high WMC)","144 experimental trials (96 word trials, 48 non-word trials)",Spanish (stimuli translated to English in figure),N/A (context implies Spanish L1),N/A,Lexical decision task,N/A,,,N/A,,,N/A,"Working Memory Capacity (WMC, assessed by complex span tasks like AOSPAN and attentional control tasks).",Analyses of variance (ANOVA).,,,,,
Park_2020_Is_inhibition_involved.pdf.pdf,"Excerpts from ""Park_2020_Is_inhibition_involved.pdf.pdf"" [i]",—,Exp 1,10,—,"176 items (22 fully transparent compounds, 22 fully opaque compounds, 132 fillers) [i]","English [i, l]","English (Native speakers, implied) [l]",—,"Lexical decision task (processing fully opaque and fully transparent compound words) [i, j]",—,—,—,—,—,—,"Inhibition score; Inhibition ratio [j, k]; General intelligence, creativity, spatial and verbal working memory (potential covarying factors discussed) [p]","Standardized regression coefficients; Linear mixed-effect analyses (LME) [j, k, m]",—,—,—,—,—,—
Park_2020_Is_inhibition_involved.pdf.pdf,"Excerpts from ""Park_2020_Is_inhibition_involved.pdf.pdf"" [i]",—,Exp 2,10,"43 (46 recruited, 3 removed) [l]",—,English [l],English (Native speakers) [l],—,Lexical decision and inhibition task (processing partially opaque compound words) [o],—,"Participants’ inhibition skills were not related to their ability to process partially opaque compound words [o, k]","Inhibition score coefficient: -0.000 (z = -0.02, p = 0.981); Inhibition ratio z = -0.62, p = 0.53 [k]",—,—,—,"Inhibition score [o, k]; Inhibition ratio [o, k]","Linear mixed-effect (LME) analyses [o, k]",—,—,—,—,—,—
Phillips_2004_Semantic_priming_in.pdf.pdf,"Excerpts from ""Phillips_2004_Semantic_priming_in.pdf.pdf"" [q]",—,Exp 1,10,"37 (19 High Proficiency, 18 Low Proficiency) [r]",120 critical word trials (60 words x 2 presentations) [q],English (L1) and French (L2) [q],"English (L1) [q, s]","French (L2) [q, r]","Semantic priming [q, s]","Proficiency Group (High/Low, based on history and use of both languages) [q, r]",Significant Proficiency Group by Language interaction found regarding the level of automaticity (CV) [t],eta2 = 0.328 (Language effect) [t],—,—,—,Sex; Parent with French as L1 [r],ANOVA [t],—,—,—,—,—,—
Phillips_2004_Semantic_priming_in.pdf.pdf,"Excerpts from ""Phillips_2004_Semantic_priming_in.pdf.pdf"" [q]",—,Exp 2,10,"29 (30 tested, 1 excluded) [s]",276 total words in each language (excluding 12 warm-up trials) [u],"English (L1) and French (L2) [q, s]",English (L1) [s],"French (L2) [r, v]",Semantic priming (investigating electrophysiological correlates/N400 variability) [s],"Proficiency Group (High/Low, based on history and use of both languages) [r, v]",Aimed to replicate behavioural findings [s],—,—,—,—,Sex; Age; Handedness [v],—,—,—,—,—,—,
Plaut_1997_Structure_and_Function.pdf.pdf,"Excerpts from ""Plaut_1997_Structure_and_Function.pdf.pdf"" [w]","Does not present novel experimental data from human participants (presents computational simulation data) [w, x]",—,0,—,—,—,—,—,"Lexical processing simulations (word naming, lexical decision) [w, y, z]","Division of labour between semantic and phonological pathways (variations in semantic strength) [y, aa]",Variations in reading ability following simulated semantic damage [aa],—,—,—,—,"Semantic and phonological pathways properties (e.g., asymptotic strength, weight decay) [y, aa]","ANOVA (over items); Computational simulation [x, aa, bb]",—,—,—,—,—,—
Plaut_2000_Individual_and_developmental.pdf.pdf,Individual and Developmental Differences in Semantic Priming: Empirical and Computational Support for a Single-Mechanism Account of Lexical Processing [cc],—,Exp 1,10,94 college students [dd],200 total test pairs (120 prime-target pairs + 80 nonword target pairs) [ee],English [dd],English [dd],—,"Semantic priming (lexical-decision task) [cc, ff]",Vocabulary knowledge (revised Peabody Picture Vocabulary Test - PPVT-R) [gg],"For high-ability participants, priming context influenced the recognition of low-frequency targets more than high-frequency targets [hh].",—,—,—,"Perceptual Ability (Symbol Search Test speed-accuracy score) [ff, hh]",ANCOVA [hh],—,—,—,—,—,,
Plaut_2000_Individual_and_developmental.pdf.pdf,Individual and Developmental Differences in Semantic Priming: Empirical and Computational Support for a Single-Mechanism Account of Lexical Processing [cc],—,Exp 2,10,"90 (44 3rd-graders, 46 6th-graders) [ii]",120 total test pairs (72 prime-target pairs + 48 nonword target pairs) [jj],English [ii],English [ii],—,"Semantic priming (lexical-decision task) [ii, kk]",—,Only high-ability participants showed larger priming effects for low-frequency words than for high-frequency words [kk].,"Perceptual Ability × Priming Context × Target Frequency interaction coefficient: F(1, 284) = 3.54, p < .05 [kk]",—,—,—,"Perceptual Ability (Symbol Search Test speed-accuracy score); Age (3rd vs. 6th grade) [kk, ii]",ANCOVA [kk],—,—,—,—,—,
Plaut_2000_Individual_and_developmental.pdf.pdf,Individual and Developmental Differences in Semantic Priming: Empirical and Computational Support for a Single-Mechanism Account of Lexical Processing [cc],—,Exp 3,10,53 college students [ll],200 total test pairs [mm],English [ll],English [ll],—,Semantic priming (lexical-decision task) [nn],Vocabulary knowledge (PPVT-R) [oo],Vocabulary measure did not correlate significantly with the perceptual measure (r = .17) [oo]; Only high-ability participants showed larger priming effects for low-frequency targets than for high-frequency words [nn].,r = 0.17 (PPVT-R correlation with perceptual measure) [oo],—,—,—,Perceptual Ability (Symbol Search Test speed-accuracy score) [oo],ANCOVA [nn],—,—,—,—,—,
Pluck_2018_Lexical_reading_ability.pdf.pdf,"Excerpts from ""Pluck_2018_Lexical_reading_ability.pdf.pdf"" [pp]",Citation list only [pp],—,0,—,—,—,—,—,—,—,—,—,—,—,—,—,—,—,—,—,—,—,—
Protopapas_2016_Short-term_and_long-term.pdf.pdf,"Excerpts from ""Protopapas_2016_Short-term_and_long-term.pdf.pdf"" [qq]",—,Exp 1,8,"129 (132 participants recruited initially) [rr, ss]","150 words and 150 pseudowords (Total 300 items) [rr, tt]","Greek [rr, uu]",Greek (Native speakers) [ww],—,"Lexical decision and naming [rr, vv]","Education (years of formal education) [ww, xx]","The effect of Length was positive, indicating slower responses to longer words, and was more pronounced in participants with fewer years of education [yy, aaa].","Length x Education interaction coefficient: -2.11E-03 (t = -6.934, p < .001) [aaa]",—,—,—,"Age, sex, handedness [zz]; Task order (short-term factor) [xx, aaa]; Task performance [bbb]","Linear mixed-effect analyses (LME) [rr, zz]; ANOVA [ccc]","Based on the analysis of Rey et al. (2009), aiming to maximize the reliability of item variance [xx]",—,—,—,—,—
Pugh_1997_Predicting_Reading_Performance.pdf.pdf,Predicting Reading Performance From Neuroimaging Profiles: The Cerebral Basis of Phonological Effects in Printed Word Identification [ddd],—,Behavioral Experiment,7,"31 right-handed, neurologically normal adults [eee]",192 experimental trials (96 words and 96 pronounceable nonwords) [eee],English (Implied) [eee],—,—,"Lexical decision task [ddd, fff]",—,—,—,—,—,—,"Activation scores (fMRI measures) associated with orthographic, phonological, and lexical-semantic processing in cortical regions (extrastriate, inferior frontal, superior temporal gyrus) [ggg, hhh]","Regression analyses [iii, jjj]; ANOVA [eee]",—,—,—,—,—,—
Pérez-Pereira_2007_Short_forms_of.pdf.pdf,Elaboración de las formas breves del Inventario do Desenvolvemento de Habilidades Comunicativas. Datos normativos y propiedades psicométricas [kkk],—,Nivel I Normative,5,347 children (8-15 months) [lll],"89 items (words) [mmm, nnn]","Galician (Gallego) [kkk, mmm]",—,Spanish (Castellano) contact reported [ooo],"Parent report inventory (IDHC short form: Lexical comprehension and production) [kkk, mmm, ppp]","Lexical comprehension score (Vocabulary size); Lexical production score (Vocabulary size) [ppp, qqq]",Scores reflect expected developmental increase with age [qqq],—,—,—,—,"Age; Sex; Order of birth [lll, rrr]","ANOVA; Correlation; Cronbach's Alpha [sss, ttt]",—,—,—,—,—,
Pérez-Pereira_2007_Short_forms_of.pdf.pdf,Elaboración de las formas breves del Inventario do Desenvolvemento de Habilidades Comunicativas. Datos normativos y propiedades psicométricas [kkk],—,Nivel II Normative,5,806 subjects (16-30 months) [lll],"100 items [mmm, nnn]","Galician (Gallego) [kkk, mmm]",—,Spanish [ooo],"Parent report inventory (IDHC short form: Lexical production and word combination frequency) [mmm, ppp]",Lexical production score (Vocabulary size) [uuu]; Frequency of word combination [vvv],Frequency of word combination was decisive for predicting vocabulary size [www]; LME3 associated strongly with vocabulary production (r = 0.68) [xxx].,Partial Eta2 for combination of words on vocabulary size: 0.271 [www]; Correlation (LME3 & Vocab Production): r = 0.68 [xxx],—,—,—,"Age; Sex; Order of birth [lll, yyy]","ANOVA; Correlation [www, yyy]",—,—,—,—,—,
Pérez-Pereira_2007_Short_forms_of.pdf.pdf,Elaboración de las formas breves del Inventario do Desenvolvemento de Habilidades Comunicativas. Datos normativos y propiedades psicométricas [kkk],—,Validation/Spontaneous Language,5,42 subjects [zzz],—,"Galician [kkk, aaaa]",—,—,Lexical diversity (spontaneous language measure) [aaaa],Vocab production (IDHC short form) [bbbb]; LME3 (parent report) [bbbb],"High correlation between IDHC vocabulary production and lexical diversity in spontaneous language (r = 0.86 at 18m) [bbbb, cccc].","r = 0.86 (Vocab Production & Lexical Diversity, 18m); r = 0.80 (Vocab Production & Lexical Diversity, 24m) [bbbb, cccc]",—,—,—,Age; Sex [zzz],"Correlation [zzzz, bbbb]",—,—,—,—,—,
Rankin_1993_Information-processing_differences_of.pdf.pdf,"Excerpts from ""Rankin_1993_Information-processing_differences_of.pdf.pdf"" [dddd]",—,Single experiment,7,63 undergraduates (16/16/16/15 per group) [eeee],—,English (Implied) [eeee],—,—,"Word verification; Sentence verification (Real/Nonsense Sentences) [ffff, gggg]",Reading comprehension (Nelson-Denny Reading Test) [eeee]; Reading speed [eeee],High-comprehension groups consistently outperformed low-comprehension groups (on real sentences verification) [hhhh].,"Letter reordering: F(3, 59) = 3.72, p < .016 [iiii]",—,—,—,"Reading Type Groups (HC-HS, HC-LS, LC-HS, LC-LS) [eeee, ffff]; Working Memory (Letter/Word Reordering, Reading Span) [jjjj]",One-way univariate tests (ANOVA); Tukey-HSD procedure [iiii],—,—,—,—,—,
Ruthruff_2008_Visual_word_recognition.pdf.pdf,"Excerpts from ""Ruthruff_2008_Visual_word_recognition.pdf.pdf"" [kkkk]",—,Single experiment,10,"48 undergraduate students (24 high, 24 low reading ability) [llll]",—,English (Implied) [llll],—,—,"Lexical decision task (Task 2 in dual-task setup) [mmmm, nnnn]","Reading ability (Nelson–Denny reading test score, 60th percentile rank or above vs 20th–50th percentile ranks) [llll, nnnn]",Hypothesized better readers' word frequency effects should be greatly reduced at short SOAs [llll].,—,—,—,—,SOA (50 to 900 msec); S1 modality (Auditory–Visual vs. Visual–Visual) [nnnn],ANOVA (repeated-measures) [nnnn],—,—,—,—,—,
Sagarra_2018_Benefits_of_study.pdf.pdf,"Excerpts from ""Sagarra_2018_Benefits_of_study.pdf.pdf"" [oooo]",—,Single experiment,7,47 (Based on WM comparison t(45)) [pppp],"140 experimental sentences (146 total, 6 practice excluded) [qqqq]",Spanish [qqqq],—,Spanish (L2) [rrrr],"Eye-tracking task on sentence reading (controlling for semantic familiarity of target words/nouns) [qqqq, rrrr]","Years learning Spanish; L2 proficiency (DELE exam, self-ratings); L2 interaction quality/quantity (Language Contact Profile) [rrrr]","Groups were homogeneous in WM, vocabulary, grammar, and L2 proficiency [pppp, ssss].",—,—,—,—,"Working Memory (WM) test (Reading Span Test) [oooo, tttt]","Independent-samples t-tests; Generalised Linear Mixed Models (GLMMs) [ssss, uuuu]",—,—,—,—,—,
Samar_1983_Evoked_potential_and.pdf.pdf,"Excerpts from ""Samar_1983_Evoked_potential_and.pdf.pdf"" [vvvv]",—,Single experiment,6,"12 subjects (16 subjects initially, 4 removed) [wwww]",—,English (Implied) [wwww],—,—,Linguistic condition (Word vs Nonsense Syllable task) [wwww],—,—,—,—,—,—,"Sex; Hearing Status (Deaf Adults, implied context) [wwww]; Stimulus Type [wwww]","Five-way ANOVA; Principal Component Analysis (PCA); Stepwise Multiple Regression [wwww, xxxx, yyyy]",—,0.01 (conservative alpha level adopted) [xxxx],—,—,—,—
Scaff_2023_Factors_structuring_lexical.pdf.pdf,"Excerpts from ""Scaff_2023_Factors_structuring_lexical.pdf.pdf"" [zzzz]",—,Single experiment,5,91 children [aaaaa],41 test trials (plus 3 training trials) [bbbbb],French [ccccc],French (Monolingual or Bilingual learners) [ddddd],—,"Computerized Comprehension Test adaptation (vocabulary task/conceptual processing indexed by accuracy) [bbbbb, fffff]",Lingual status (Monolingual/MinExp/ModExp) [eeeee]; Accuracy (cumulative lexical knowledge) [fffff],Accuracy was affected by lingual status (MinExp and ModExp showed lower accuracy) [fffff].,MinExp Estimate: -0.49 (0.1); ModExp Estimate: -0.64 (0.12) (Logit scale) [eeeee],—,—,—,"Age [eeeee, fffff]; Maternal education (SES proxy) [fffff]; Response Times (processing skills) [fffff]","Type III ANOVA; Regression analyses; Mediation analysis [eeeee, fffff]",—,—,—,—,—,
Schauenburg_2019_Making_sense_of.pdf.pdf,"Excerpts from ""Schauenburg_2019_Making_sense_of.pdf.pdf"" [ggggg]",—,Single experiment,6,"38 subjects (49 initially, 11 excluded) [hhhhh]","318 simple sentences [iiiii, jjjjj]",German [hhhhh],German (Native speakers) [hhhhh],—,Silent sentence reading (meaning making/implicit semantic processing via EEG/ERPs) [kkkkk],—,—,—,—,—,—,"Schizotypy Personality Questionnaire (SPQ total score, factors F1/F2); Big Five personality traits (NEO Five Factor Inventory: N, E, O, A, C) [lllll, mmmmm]",ANOVA (Whole-head); ERP component analysis [nnnnn],—,—,—,—,—,—
"Schilling_1998_Comparing_naming,_lexical.pdf.pdf","Excerpts from ""Schilling_1998_Comparing_naming,_lexical.pdf.pdf"" [ooooo]",—,Single experiment,3,48 students (16 assigned to each of three task pairs) [ppppp],"48 target words (24 HF, 24 LF) + 48 nonwords (for LDT) [qqqqq]",English [ppppp],English (Native speakers) [ppppp],—,Naming; Lexical decision; Reading (eye-tracking) [ppppp],—,—,—,—,—,—,Subject Mean Response Time (SMRT) correlation with frequency effect magnitude [rrrrr],ANOVA; Correlation; Regression [sssss],—,—,—,—,—,
Schmidtke_2018_Individual_variability_in.pdf.pdf,Individual Variability in the Semantic Processing of English Compound Words [ttttt],—,Single experiment,10,"153 subjects (Eye movement data combined/re-analyzed) [uuuuu, vvvvv]","5724 trials (for GZD, GPT, RegP, TVT measures) [wwwww]; 455 unique English compounds used [xxxxx]",English [xxxxx],—,—,"Eye-tracking (reading compound words in sentences) indexing semantic transparency effects [ttttt, yyyyy, zzzzz]","Print Exposure (PE); Vocabulary size (PPVT); Word recognition skill (TOWRE Sight Word Efficiency/SWE) [ttttt, zzzzz, aaaaaa]",Interaction of Print Exposure with Head-Compound Semantic Transparency Rating found on regression-in probability and total viewing time [bbbbbb],—,—,—,—,Linear Mixed Effects (LME) models [zzzz],—,—,—,—,—,—,
Schwarz_2023_Individual_differences_in.pdf.pdf,"Excerpts from ""Schwarz_2023_Individual_differences_in.pdf.pdf"" [cccccc]",—,Exp 1,9,49 native speakers of English [dddddd],6272 total responses [eeeeee],English [dddddd],English [dddddd],—,Auditory lexical decision task [ffffgg],Semantic Neighbourhood Density (SND); Word Frequency [gggggg],"SND significantly predicted RTs (b = -146.89, p < .029); Slow responders showed a greater SND effect than fast responders [hhhhhh, iiiiii]",SND main effect coefficient: -146.89 [hhhhhh]; Group x SND interaction coefficient: 55.19 (p = 0.035) [hhhhhh],—,—,—,Processing speed (median split into fast/slow responders) [hhhhhh],"Linear mixed-effects models (LME); Quantile regression analysis; Median-split analysis [jjjjjj, kkkkkk]",—,—,—,—,—,
Schwarz_2023_Individual_differences_in.pdf.pdf,"Excerpts from ""Schwarz_2023_Individual_differences_in.pdf.pdf"" [cccccc]",—,Exp 2,9,49 native English speakers [llllll],4585 total responses [mmmmmm],English [llllll],English [llllll],—,Auditory judgment paradigm [nnnnnn],Word Frequency (log-transformed token surface frequency) [oooooo],Fast responders showed a significant effect of Word Frequency [pppppp].,Frequency coefficient for fast responders: 10.90 (p = 0.002) [pppppp],—,—,—,Processing speed (median split into fast/slow responders) [pppppp],"Linear mixed-effects models (LME); Quantile regression analysis; Median-split analysis [oooooo, pppppp]",—,—,—,—,—,
Smith_2014_Efficient_cognitive_operations.pdf.pdf,Efficient cognitive operations predict skill acquisition [qqqqqq],—,Single experiment,9,70 undergraduates [rrrrrr],144 synonym comparisons [ssssss],English (Implied) [ttttt],—,—,"Synonym comparisons (semantic decision/judgment, ALTM task) [ttttt, uuuuuu]",—,—,—,—,—,—,Facilitation of procedural memory (ALTM measures); Cognitive Control (Color Stroop (CS) and Number Stroop (NS) RT) [vvvvvv],"One-way within subjects ANOVA; Correlation analysis [wwwwww, xxxxxx]",—,—,—,—,—,—
Sotiropoulos_2017_Lexical_decision_performance.pdf.pdf,"Excerpts from ""Sotiropoulos_2017_Lexical_decision_performance.pdf.pdf"" [yyyyyy]",—,Exp 2,7,"25 (7 dysgraphics/dyslexics, 18 controls) [zzzzzz]",—,English [aaaaaaa],—,—,Semantic decision task [aaaaaaa],Reading group status (Dysgraphics/Dyslexics vs. Controls); Time spent/exposure to English [zzzzzz],Dyslexics/dysgraphics showed poor semantic decision accuracy and significantly slowed latencies relative to controls [bbbbbbb],"T.T.: t = -2.99, p < .01 (accuracy); t = 6.14, p < .001 (latency) [bbbbbbb]",—,—,—,—,"Significance test (Crawford & Howell, 1998) [bbbbbbb]",—,—,—,—,—,
"Spätgens_2018_The_semantic_network,.pdf.pdf","The semantic network, lexical access, and reading... [ccccccc]",—,Priming Experiment,10,"122 children (36 monolingual, 86 bilingual) [ddddddd, eeeeeee]",212 total items (including fillers) [fffffff],"Dutch [ccccccc, eeeeeee]",Dutch (Monolingual) or other L1 (Bilingual) [eeeeeee],Dutch (Implied L2 for bilinguals) [ddddddd],"Semantic priming (auditory animacy decision task); Reading comprehension task [ccccccc, ggggggg]","Vocabulary size; Language group (Monolingual vs Bilingual); Context-independent priming score [ccccccc, hhhhhhh]","Vocabulary size significantly contributed to reading scores; Neither context-independent priming nor lexical access predicted reading comprehension [ccccccc, hhhhhhh].",Vocabulary size Estimate: 0.368 (t = 5.4) [hhhhhh],—,—,—,"Decoding skill; Cognitive processing speed (RAN/RAS/Access) [ccccccc, ggggggg, hhhhhhh]","Mixed-effects modeling (LME) [ccccccc, hhhhhhh]",—,—,—,—,—,
Spätgens_2019_Individual_differences_in.pdf.pdf,"Excerpts from ""Spätgens_2019_Individual_differences_in.pdf.pdf"" [iiiiiii]",—,Single experiment,10,"137 children (61 monolingual, 76 bilingual) [jjjjjjj]","73 items (56 test sentences, 17 dummies) [kkkkkkk]","Dutch [iiiiiii, lllllll]",Dutch (Monolingual) or other L1 (Bilingual) [jjjjjjj],Dutch [iiiiiii],Semantic priming measured via single sentence self-paced reading task; Reading comprehension scores [lllllll],"Vocabulary size; Context-independent semantic knowledge; Word decoding speed; Non-associated priming score (S1/S2 positions) [lllllll, mmmmmmm]",Vocabulary size and Context-independent semantic knowledge were significant predictors of reading comprehension [mmmmmmm].,"Vocabulary size Estimate: 0.33 (t = 3.7, p < .001); Context-independent semantic knowledge Estimate: 0.28 (t = 3.3, p = .001) [mmmmmmm]",—,—,—,Language Group (Monolingual vs Bilingual) [nnnnnnn],Linear Mixed Effects (LME) models [ooooooo],—,—,—,—,—,
Staub_2013_Individual_differences_in.pdf.pdf,"Excerpts from ""Staub_2013_Individual_differences_in.pdf.pdf"" [ppppppp]",—,Combined/Re-analysis + Exp 5,4,153 subjects (113 usable in Exps 1-4 + 40 in Exp 5) [qqqqqqq],Average 77 usable first fixations (Exps 1-4); Average 134 valid first fixations (Exp 5) [qqqqqqq],English (Implied) [rrrrrrr],—,—,Eye movement data (First-fixation durations) during reading [ppppppp]; LDT; Naming [rrrrrrr],—,—,—,—,—,—,"Ex-Gaussian parameters (μ, σ, τ) [sssssss]",Parameter estimation (QMPE software) [sssssss],—,—,—,—,—,
Stern_2021_Syntactic_and_semantic.pdf.pdf,"Excerpts from ""Stern_2021_Syntactic_and_semantic.pdf.pdf"" [ttttttt]",—,Eye-Tracking Experiment,9,56 Spanish-English bilingual adults [uuuuuuu],"40 complex Spanish sentences (10 SRC, 10 ORC, 20 filler) [vvvvvvv]",Spanish [vvvvvvv],Spanish (L1/Primary language) [uuuuuuu],English [uuuuuuu],"Visual World Eye-Tracking (measuring semantic preference/agency processing) [ttttttt, wwwwwww]",Language Dominance Score (BLP composite score) [xxxxxxxx],Greater Spanish dominance corresponded with an attenuative effect on the agency preference (semantic preference) [yyyyyyyy].,"Dominance coefficient on offline comprehension accuracy: 0.001 (z = 0.230, p = 0.818) [zzzzzzzz]",—,—,—,Age; Sex [uuuuuuu],"Logistic mixed-effects model; Growth Curve Analysis (GCA) mixed-model analysis [aaaaaaaa, bbbbbbbb]",—,—,—,—,—,
Swanson_2004_The_relationship_between.pdf.pdf,"Excerpts from ""Swanson_2004_The_relationship_between.pdf.pdf"" [cccccccc]",—,Correlational Study,6,N=353 (implied sample size for correlations) [dddddddd],—,English (Implied) [cccccccc],—,—,"Semantic processing composite score (Vocabulary, Semantic fluency) [eeeeeeee]","Semantic processing composite (Vocabulary, Semantic fluency) [eeeeeeee]",Semantic processing correlated significantly with Working Memory (r = 0.53) and Short-Term Memory (r = 0.43) [ffffffff].,r = 0.53 (Semantic processing & WM); r = 0.43 (Semantic processing & STM) [ffffffff],—,—,—,"Working Memory (WM) and Short-Term Memory (STM) factor scores; Inhibition; Processing speed; Fluid intelligence [cccccccc, gggggggg]","Principal Factor Analysis; Varimax rotation; Correlation; Regression [eeeeeeee, gggggggg]",—,0.001 (alpha level adopted for correlations) [dddddddd],—,—,—,—
Taft_2006_Obligatory_decomposition_in.pdf.pdf,"Excerpts from ""Taft_2006_Obligatory_decomposition_in.pdf.pdf"" [hhhhhhhh]",—,Single experiment,3,34 native English speakers [iiiiiiii],113 items (plus 10 practice items) [jjjjjjjj],English [iiiiiiii],English (Native speakers) [iiiiiiii],—,Lexical decision [jjjjjjjj],—,—,—,—,—,—,—,—,—,—,—,—,—,
Tan_2016_Are_individual_differences.pdf.pdf,Are individual differences in masked repetition and semantic priming reliable? [kkkkkkkk],—,Single experiment,10,240 undergraduates [llllllll],640 total experimental trials (4 phases x 160 trials) [mmmmmmmm],English [llllllll],English [llllllll],—,"Masked semantic priming (lexical decision task - LDT) [kkkkkkkk, nnnnnnnn]","Vocabulary Knowledge; Spelling Ability [kkkkkkkk, oooooooo]",Masked semantic priming effects were not related to either the vocabulary or spelling measure [pppppppp]. Masked repetition priming interacted significantly with vocabulary knowledge [pppppppp].,Prime Relatedness × Vocabulary Knowledge interaction coefficient (Repetition Priming): 0.265 (p = 0.037) [qqqqqqqq],—,—,—,—,Repeated-measures ANOVA; Linear Mixed Effects (LME) models [rrrrrrrr],—,—,—,—,—,
Troyer_2020_Harry_Potter_and.pdf.pdf,"Excerpts from ""Troyer_2020_Harry_Potter_and.pdf.pdf"" [ssssssss]",—,Single experiment,7,40 participants [tttttttt],"214 experimental sentences (106 HP, 108 Control) [uuuuuuuu]",English (Implied) [vvvvvvvv],—,—,"Sentence processing (semantic integration indexed by N400) [ssssssss, wwwwwwww]","Vocabulary (PPVT score); Sentence Span (WM); Reading Experience/General Knowledge factors [xxxxxxxx, yyyyyyyy]",PPVT score correlated significantly with General Knowledge (r=0.67) and Reading Experience (r=0.47) [zzzzzzzz].,PPVT correlation (GKQ): r = 0.67; PPVT correlation (Reading Experience): r = 0.47 [zzzzzzzz],—,—,—,HP Knowledge Quiz score (domain knowledge); ART/MRT (speed measures); General Knowledge (GKQ) [yyyyyyyy],Whole-head ANOVA; Hierarchical Mixed-Effects Linear Regression Models (LME) [wwwwwwww],—,—,—,—,—,
Underwood_1994_Individual_Differences_in.pdf.pdf,"Excerpts from ""Underwood_1994_Individual_Differences_in.pdf.pdf"" [aaaaaaaaa]",—,Single experiment,6,36 people [bbbbbbbb],"36 experimental passages (18 Ir words, 18 rI words as targets) [cccccccc]",English (Implied) [ddddddddd],—,—,Reading for comprehension (Eye movement recording) [eeeeeeeee],"Vocabulary test (modified Mill-Hill vocabulary test); Reading comprehension (GAPADOL test) [bbbbbbbb, ddddddddd]",—,—,—,—,—,Eye movement measures (Fixation durations/Location Ir/rI) [ffffffffff],Correlation [gggggggggg],—,—,—,—,—,
Ventura_2020_Holistic_word_processing.pdf.pdf,"Excerpts from ""Ventura_2020_Holistic_word_processing.pdf.pdf"" [hhhhhhhhh]",—,Single experiment,8,76 students (10 excluded due to high error rates) [iiiiiiiii],300 total items (150 words and 150 pseudowords in LDT) [jjjjjjjjj],European-Portuguese (EP) [kkkkkkkkk],European-Portuguese (Implied) [iiiiiiiii],—,Lexical decision task (LDT) [llllllllll],"Word-frequency effect (WFE) size (proxy for reading efficiency) [mmmmmmmmmm, nnnnnnnnnn]",Skilled readers (small WFE) showed larger word-composite effects; WFE and word-composite effect were negatively correlated [nnnnnnnnnn].,—,Holistic processing (Word-composite effect size) [nnnnnnnnnn],—,Holistic processing/perceptual skill (Word-composite effect size) [nnnnnnnnnn],"ANOVA; Correlation analysis [kkkkkkkkk, oooooooooo]",G*Power (Version 3.1) [kkkkkkkkk],0.91 (to detect correlation of .366) [kkkkkkkkk],—,—,—,—,
Wagner_2019_Individual_Variations_in.pdf.pdf,"Excerpts from ""Wagner_2019_Individual_Variations_in.pdf.pdf"" [ppppppppp]",—,Single experiment,6,"29 (15 CI users, 14 NH controls) [qqqqqqqqq]","100 items (50 Dutch words, 50 nonwords) [rrrrrrrrr]","Dutch [qqqqqqqqq, rrrrrrrrr]",Dutch (Native speakers) [qqqqqqqqq],—,Auditory lexical decision task [ppppppppp],—,—,—,—,—,—,"Hearing Status (CI vs NH Group); Processing Effort (Pupil size/ERPD); State of Control (Tonic changes to pupil baseline) [qqqqqqqqq, sssssssss]",Linear Mixed Effects (LME) models [tttttttt],—,—,—,—,—,—
Watkins_2024_Viewing_angle_matters.pdf.pdf,Viewing angle matters,Does not clearly address semantic/conceptual processing or use a standard lexical/semantic task.,,0,45,240 items,British Sign Language (BSL),British Sign Language (BSL),L2 signers (Advanced/Intermediate Hearing),Distance priming paradigm,"Language background (L1 deaf/hearing, L2 advanced/intermediate); Mean self-ratings of frequency of exposure to BSL input",L2 Intermediate group was significantly less accurate than all other groups in prime trials,"L2 Intermediate vs L1 Deaf: Z = 5.43, $p < 0.001$",,,,Deafness,Linear mixed effects models; likelihood ratio tests; Z-tests,,,,,,
Weems_2004_The_relationship_between.pdf.pdf,,,Exp 1,5,,,English,,,Lexical task (implied Lexical Decision using words and non-words),"Nelson–Denny reading test (vocabulary, reading comprehension, and reading speed)",,,,,,,,,,,,,
Wei_2012_Predicting_conceptual_processing.pdf.pdf,Predicting Conceptual Behaviors from Resting-State Activity,,Exp 1,10,34,,Chinese,,,"Object picture-naming, Object picture associative-matching, Object sound-naming",Semantic composite score (efficiency average of three semantic tasks),"Regional ALFF in LMTG strongly predicted individual variation in conceptual processing capacity; Functional connectivity strength between LMTG and regions like LIFG, ATL, LMTL, PCG, DMPFC, and VMPFC significantly predicted semantic performance",ALFF in LMTG correlating positively with picture-naming performance: $r_{cluster} \approx 0.73$; Multiple linear regression model explained $R^2 \approx 0.74$,,,,Regional ALFF in LMTG; Functional connectivity patterns,Correlation analysis; Regression analysis; Functional connectivity analysis; One-sample t tests (Bonferroni correction); Multiple linear regression analysis,,,,,,
Weinstein_2002_Are_creativity_and.pdf.pdf,,,Exp 1,8,60,60,English,English,,Tachistoscopic lexical decision test (LDT),"LDT Laterality indices (A2 sensitivity, B2 criterion)",LDT B2 correlation with creativity (RAT),"LDT B2 vs RAT: $r = 0.330$, $p < .005$ (1-tail)",,,,"Schizotypy (SA, Per-Mag); Creativity (RAT, WF); Laterality (LDT A2, B2)","Correlation analysis (Pearson r); Signal Detection Theory (SDT) indices (A', B''); Fisher z method","Gpower program (Erdfelder, Faul, & Buchner, 1996)",0.78,60,,,
Welcome_2012_Individual_differences_in.pdf.pdf,,,Exp 1,10,20,,English,English,,Word meaning judgment (Semantic decision: judging if words are types of animals),Sight Word Efficiency (SWE); Phonemic Decoding Efficiency (PDE); Nelson-Denny Reading Comprehension,Greater reading comprehension ability was associated with decreased activation in anterior cingulate and temporal regions,,,,,Nonverbal intelligence (TONI-3); Neural activation (fMRI),Correlation analysis (Pearson R); General linear model (GLM) for fMRI; Conjunction analysis; One-sample t-tests; Monte Carlo simulation (AFNI AlphaSim),,,,,,
Welcome_2014_Individual_differences_in.pdf.pdf,,,Exp 4,10,17,,English,English,,Semantic processing (Meaning judgments),Nelson–Denny Reading Comprehension,Tract volume extending from functional ROIs associated with semantic analysis significantly correlated with reading comprehension,"Correlation $r(15) = 0.59$, $p < 0.01$; $\beta = 0.65$, $p < 0.05$ (unique prediction)",,,,Nonverbal IQ (TONI); White matter tract volume/FA,Correlations (Pearson's r); Multiple regression; Permutation testing,,,,,,
Whitney_1990_Reading_Ability_and.pdf.pdf,,,Exp 1,9,60,,English,English,,Matching task (semantic access),"Nelson-Denny reading test (Form D, total score)",ET predictor (speed of semantic access) expected to account for a significant proportion of variance,Expected Multiple R in the 0.30–0.40 range,,,,,Regression,,,,,,
Woltz_2003_Implicit_cognitive_processes.pdf.pdf,,Does not present novel experimental data,,0,,,,,,,,,,,,,,,,,,,,
Woollams_2014_Connectionist_neuropsychology_Uncovering.pdf.pdf,,Does not present novel experimental data,,0,,,,,,,,,,,,,,,,,,,,
Woollams_2016_Do_you_read.pdf.pdf,,,Exp 1,10,32,240 (Semantic/Lexical),British English,British English,,Reading aloud (imageability manipulation and semantic priming manipulation),Semantic Reliance (SR) index,High SR readers showed a larger effect of imageability and semantic priming for inconsistent words,"Consistency by Group interaction on RT: $F(1, 30) = 21.93$, $p < 0.0005$; Imageability by Group interaction in errors: $F(1, 30) = 53.17$, $p = 0.017$",Imageability ratings (as stimulus property),High SR readers showed a larger imageability effect for inconsistent words,"Imageability by Group interaction in errors: $F(1, 30) = 53.17$, $p = 0.017$",,ANOVA (2x2x2); t-tests,,,,,,
Woollams_2016_Do_you_read.pdf.pdf,,,Exp 2,10,129,220 (Semantic/Lexical),British English,British English,,Reading aloud (Imageability manipulation); Synonym Judgment; Category Fluency,Semantic Reliance (SR) index; Synonym judgment accuracy/RT; Semantic fluency score; Rhyme fluency score,SR index associated with larger imageability effects in inconsistent words; SR index did not predict semantic fluency score,"SR index interaction with Imageability $\times$ Consistency for RT: $\beta = 0.536$, $t(128) = 7.16$, $p < 0.0005$; Regression of Semantic Fluency on SR index: $B = -0.107$, $t(128) = -1.21$, $p = 0.225$",,,,,Regression analysis; ANOVA,,,,,,
Wu_2025_Distinct_language_control.pdf.pdf,"Distinct language control mechanisms in speech production and comprehension: evidence from N-2 repetition, switching, and mixing costs",,Exp 1,6,41,660,"Cantonese, Mandarin, English",Cantonese,Mandarin,Spoken word production (picture naming),"Language status (L1, L2, L3); Self-rated proficiency; Language control indices",Production exhibited strong aggregate effects on language control indices,Production switching costs: 434 ms overall; Overall n-2 repetition costs vs comprehension: $,r,"< 0.10$, $BF_{01} > 4.08$",,,,"Language control indices (n-2 repetition costs, switching costs, mixing costs)",Linear Mixed Effects Models (LMEMs); Pearson correlation; Bayesian statistics (BF); Permutation tests,G*Power,0.8,34,
Wu_2025_Distinct_language_control.pdf.pdf,"Distinct language control mechanisms in speech production and comprehension: evidence from N-2 repetition, switching, and mixing costs",,Exp 2,6,41,660 (estimate),"Cantonese, Mandarin, English",Cantonese,Mandarin,Auditory word comprehension (Semantic decision: judging if word refers to a living object or not),"Language status (L1, L2, L3); Self-rated proficiency; Language control indices",Comprehension only showed significant mixing costs; No significant cross-modality correlations found,"Mixing costs: 24 ms, $F = 10.16$, $p = 0.003$; Cross-modality correlations: $BF_{01} > 4.08$",,,,"Language control indices (n-2 repetition costs, switching costs, mixing costs)",LMEMs; Pearson correlation; Bayesian statistics (BF); Permutation tests,G*Power,0.8,34,,,
Xia_2022_Atypical_Relationships_Between.pdf.pdf,Atypical Relationships Between...,,Exp 1,7,,,Chinese,Chinese,,Passive audiovisual paradigm (Target detection task),Oral reading fluency; Silent reading comprehension; Phoneme deletion; Rapid naming; Morphological production,"Neural integration (avC-avI) correlation with oral reading fluency: Positive correlation in typical readers, negative correlation in dyslexia","L OTC Control group (avC-avI): $r = 0.525$, $p = 0.021$; Dyslexic group: $r = -0.804$, $p < 0.001$",Imageability rating of characters (as stimulus property),,,Dyslexia status; Performance IQ (controlled for),Correlation analysis; Voxel-wise whole-brain regression analyses; ROI analyses,,,,,,
Xiong_2021_The_Effects_of.pdf.pdf,The Effects of...,,Exp 1,9,119,160,Chinese,Chinese,,Lexical Decision Task (LDT),Spelling dictation test score (ZSpelling); Reading comprehension test score (ZComprehension),"Individual differences in linguistic skills influence the neighborhood size effect, moderated by word frequency; WF:NS:ZComprehension triple interaction was significant","ZSpelling on RT: $b = -0.05$, $t = -3.67$, $p < 0.001$; WF:NS:ZComprehension interaction on RT: $t = -1.96$, $p < 0.05$",,,,,Linear Mixed Model (LMM)/GLMM; Regression analysis; Simple effects analysis,simr package 1.0.5,80% (Implied target),,,,
Xu_2014_The_effects_of.pdf.pdf,The Effects of Gender and Self-Insight on Early Semantic Processing,,Exp 1,8,55,144,Chinese,,,Animal Word Detection task (Semantic task),,,,,,,Gender; Self-insight (SRIS-IN summation score),(Implied tests/ANOVA),,,,,,
Xu_2021_Age_of_acquisition.pdf.pdf,"Age of acquisition ratings for 19,716 Chinese words...",,Exp 1,7,1765,,Mandarin Chinese,Mandarin Chinese,,Lexical Decision (LDT) performance analyzed (archival data),Age-of-Acquisition (AoA) ratings,AoA ratings were positively correlated with zRT and error rate; AoA explained additional variance in zRT and error rate,AoA correlation with zRT: $r = 0.409$; AoA predictor in zRT model: $\Delta R^2 = 0.035$,,,,Gender and age differences analyzed,Correlation analysis; Regression analysis (Forward method),,,,,,
Yap_2009_Individual_differences_in.pdf.pdf,Individual differences in the joint effects of semantic priming and word frequency revealed by RT distributional analyses: The role of lexical integrity,,Exp 1,10,40,600,English,,,Lexical decision task (LDT) (Semantic priming),Vocabulary knowledge (Shipley score),Higher vocabulary (WUSTL) showed additive effects of priming and frequency in RTs,"Priming $\times$ Frequency RT interaction: $F(1, 152) = 0.93$, $p = 0.34$ (minF')",,,,,Repeated-measures ANOVA; RT distributional analysis; Multiple regression,,,,,,
Yap_2009_Individual_differences_in.pdf.pdf,Individual differences in the joint effects of semantic priming and word frequency revealed by RT distributional analyses: The role of lexical integrity,,Exp 2,10,48,600,English,,,Lexical decision task (LDT) (Semantic priming),Vocabulary knowledge (Shipley score),Higher vocabulary (WUSTL) showed additive effects of Priming and Frequency in RTs,"Priming $\times$ Frequency RT interaction: $F(1, 159) = 0.35$, $p = 0.56$ (minF')",,,,,Repeated-measures ANOVA; RT distributional analysis; Multiple regression,,,,,,
Yap_2009_Individual_differences_in.pdf.pdf,Individual differences in the joint effects of semantic priming and word frequency revealed by RT distributional analyses: The role of lexical integrity,,Exp 3,10,40,600,English,,,Lexical decision task (LDT) (Semantic priming),Vocabulary knowledge (Shipley score),Lower vocabulary (SUNY-A) showed a significant interactive effect (greater priming for LF targets) in RTs,Priming $\times$ Frequency RT interaction: Significant in participant analysis ($p=0.01$),,,,,Repeated-measures ANOVA; RT distributional analysis; Multiple regression,,,,,,
Yap_2009_Individual_differences_in.pdf.pdf,Individual differences in the joint effects of semantic priming and word frequency revealed by RT distributional analyses: The role of lexical integrity,,Exp 4,10,28,600,English,,,Lexical decision task (LDT) (Semantic priming),Vocabulary knowledge (Shipley score),Lower vocabulary (SUNY-A) showed a significant interactive effect (greater priming for LF targets) in RTs,Priming $\times$ Frequency RT interaction: Significant in participant analysis ($p=0.04$),,,,,Repeated-measures ANOVA; RT distributional analysis; Multiple regression,,,,,,
Yap_2012_Individual_differences_in.pdf.pdf,Individual Differences in Visual Word Recognition: Insights from the English Lexicon Project,,Exp 1,9,819,3374,English,English,,Lexical Decision Task (LDT),Vocabulary knowledge (Shipley score),Higher vocabulary associated with attenuated sensitivity to underlying lexical characteristics; PC3 (Word-frequency/Semantics) marginally related to vocabulary knowledge,"Vocabulary correlation with PC3 effect: $r = -0.083$, $p < .05$",,,,"RT distributional characteristics ($\mu, \sigma, \tau$); Diffusion model parameters ($a, v, Ter, z$)",Correlation analysis; Principal Components Analysis (PCA); Diffusion model fitting,,,,,,
Yap_2015_Responding_to_nonwords.pdf.pdf,Responding to Nonwords in the Lexical Decision Task: Insights From the English Lexicon Project,,Exp 1,7,819,"(Approx 37,000 total nonwords across N=819 participants)",English,English,,Lexical Decision Task (LDT) (Nonword responses analysis),Vocabulary knowledge (Shipley score),"Higher vocabulary associated with less sensitivity to inhibitory effects of length/distance, but greater sensitivity to inhibitory effects of neighborhood size/base-word properties","Vocabulary correlation with Number of Letters effect: $r = -0.252$, $p < 0.001$; Vocabulary correlation with Avg. base-word frequency effect: $r = 0.380$, $p < 0.001$",,,,"RT distributional characteristics ($\mu, \sigma, \tau$); Diffusion model parameters ($a, v, Ter, z$)",Regression analyses; Correlation analysis; Diffusion model fitting,,,,,,
Yap_2016_Individual_differences_in.pdf.pdf,Individual Differences in Semantic Priming Performance: Insights from the Semantic Priming Project,,Exp 1,10,512,1661,English,English,,Lexical decision (LDT) (Semantic priming task),Vocabulary knowledge (WJ-III subtests); Reading comprehension (WJ-III subtest),Individuals with more reading ability associated with stronger semantic priming,"Reading comprehension predicting priming effect: Adj $R^2 = 0.03$, $p < 0.001$; Vocabulary knowledge predicting priming effect: Adj $R^2 = 0.01$, $p = 0.02$",,,,"Attentional control battery (Operational span, Stroop, Antisaccade task)",Correlation analysis; Regression analysis,,,,,,
Yates_2019_Individual_differences_in.pdf.pdf,,,Exp 1,8,51,184,English,English,,Lexical decision task (LDT),Vocabulary (Shipley score); Spelling production (Levenshtein accuracy); Reading comprehension; Reading speed,Vocabulary (semantic quality) did not have a significant main effect on inverse RT; Spread $\times$ PC2 (Orthographic Quality) interaction found,Vocabulary interaction with Spread: $t = 1.24$ (ns),,,,"Orthographic Quality (PC1, PC2 from spelling measures); Inverse previous RT",Linear Mixed Effects Model (LMM); Principal Components Analysis (PC analysis),(Criterion set to recruit $\ge$ 50 participants),,,,,
Yeatman_2021_Rapid_online_assessment.pdf.pdf,,,Study 1,7,120,500,English,,,Lexical Decision Task (LDT),"WJ-Word-ID (reading ability); TOWRE Index standard scores; Verbal abilities (WASI-II, Vocabulary subtest)","Significant length by reading ability interaction, indicating word length effect diminishes as reading ability improves","Length by reading ability interaction: $\beta = -0.010$, $SE = 0.0036$, $t = 2.76$",,,,"General reasoning abilities (WASI-II, Matrix Reasoning subtest); Dyslexia status",Linear mixed effects models; Item Response Theory (IRT),,,,,,
Zhou_2022_The_effects_of.pdf.pdf,,,Exp 1,9,50,240,Chinese,Chinese,,Lexical decision task (LDT),Vocabulary test scores (WAIS-III VC); Category verbal fluency test (VF); Length of education (ED),"Multiple linear regression analyses conducted to assess influence of ED, VC, VF, DSC, LS on RT/sublexical ambiguity effect",,,,,Processing speed (DSC); Perceived loneliness (LS); Age (as a covariate); Cognitive ability (MoCA),Multiple linear regression analyses (forward hierarchical method); Mixed multi-factorial ANOVA,,,,,,
Zou_2022_Brain_responses_during.pdf.pdf,,,Exp 1,6,,,Chinese,Chinese,,Word/Pseudoword condition (Speech processing/Phonological processing); Character production task,Reading-related measures (reduced dimension measures),Main aim was to examine brain responses to speech and their correlations with reading performance,,,,,,Reduced dimension analysis; Covariates in model,,,,,,
