author1,year,title,publication,url,filename,data_source,excluded,exclusion_reason,pdf_missing,relevance_rating,experiment_ID,number_of_participants,number_of_trials,language_of_testing,first_language,second_language,language_measure,first_second_language,lexical_or_semantic_task,individual_language_experience_measure,effect_of_language_on_semantic_processing,effect_size_of_language_on_semantic_processing,effect_of_individual_language_experience_on_semantic_processing,effect_size_of_individual_language_experience_on_semantic_processing,imagery_measure,individual_imagery_experience_measure,effect_of_imagery_on_semantic_processing,effect_size_of_imagery_on_semantic_processing,effect_of_individual_imagery_experience_on_semantic_processing,effect_size_of_individual_imagery_experience_on_semantic_processing,statistical_method,power_analysis_method,target_power,required_participants_for_language,required_participants_for_imagery,required_trials_for_language,required_trials_for_imagery,other_individual_differences
Fernandes E.G.,2025,Bilingualism and ageing independently impact on language processing: Evidence from comprehension and production,Bilingualism,https://doi.org/10.1017/S1366728924000245,Fernandes_2025_Bilingualism_and_ageing.pdf,Both (Scopus + NotebookLM),FALSE,NA,NA,9,Exp 1 (LDT),35,800 (400 verbs + 400 pseudoverbs),Italian,Italian-speaking,NA,NA,NA,Lexical decision task (LDT). Investigates Relative Embodiment (RE).,Verbal Meaning Task (VMT) total score (vocabulary skills).,NA,NA,The effect of Relative Embodiment (RE) on latencies decreased as participants’ vocabulary skills increased (significant interaction).,"Interaction RE * VMT: β = 0.02, p = .006.",NA,Vividness of Movement Imagery Questionnaire-2 (VMIQ-2) subscale scores.,NA,NA,VMIQ-2 subscales inclusion did not improve model’s fit.,NA,Linear Mixed-effects Model (LMM). Likelihood-ratio tests (LRTs).,Based on Sidhu et al. (2014).,0.8,47 (required to detect Cohen's d = 0.42),NA,NA,NA,NA
Fernandes E.G.,2025,Bilingualism and ageing independently impact on language processing: Evidence from comprehension and production,Bilingualism,https://doi.org/10.1017/S1366728924000245,Fernandes_2025_Bilingualism_and_ageing.pdf,Both (Scopus + NotebookLM),FALSE,NA,NA,9,Exp 2 (GDT),44,160 trials (80 verbs + 80 nouns),Italian,Italian-speaking,NA,NA,NA,"Grammatical decision task (GDT, go/no-go paradigm). Investigates RE effects.",Verbal Meaning Task (VMT) total score (vocabulary skills).,NA,NA,GDT latencies were generally faster for individuals with higher vocabulary skills (main effect).,NA,NA,Vividness of Movement Imagery Questionnaire-2 (VMIQ-2) subscale scores.,NA,NA,Inclusion of RE levels and VMIQ-2 subscales did not improve model’s fit.,NA,Linear Mixed-effects Model (LMM). Likelihood-ratio tests (LRTs).,Sensitivity power analysis.,0.8,NA,NA,NA,NA,NA
Fernandes E.G.,2025,Bilingualism and ageing independently impact on language processing: Evidence from comprehension and production,Bilingualism,https://doi.org/10.1017/S1366728924000245,Fernandes_2025_Bilingualism_and_ageing.pdf,Both (Scopus + NotebookLM),FALSE,NA,NA,10,Exp 3 (MRT),85,140 verbs,Italian,Italian-speaking,NA,NA,NA,Memory Recognition Task (MRT). Semantic processing (RE effects).,Verbal Meaning Task (VMT) total score (vocabulary skills).,NA,NA,MRT log-transformed zRTs showed a significant negative main effect of Verbal Meaning Task score.,"VMT: β = -0.13, p = .009, IR² = .016.",NA,VMIQ-2 subscales.,NA,NA,Interaction involving RE levels and VMIQ-2 subscales was not significant (p = .488).,NA,Linear Mixed-effects Model (LMM). ANOVA.,Power analysis based on Sidhu & Pexman (2016). Sensitivity power analysis.,0.8,NA,75 (required to detect Cohen’s d = 0.33),NA,NA,NA
Huete-Pérez D.,2025,Individual differences in associative/semantic priming: Spreading of activation in semantic memory and epistemically unwarranted beliefs,Plos One,https://doi.org/10.1371/journal.pone.0313239,Huete-Pérez_2025_Individual_differences_in.pdf,Both (Scopus + NotebookLM),FALSE,NA,NA,8,Primed LDT,98,400 word-word trials (200 critical),Spanish,NA,Catalan (implied),NA,NA,Primed Lexical Decision Task (LDT). Associative/semantic priming.,NA,NA,NA,Believers in certain EUB instances may experience enhanced spreading of activation (facilitation in related and unrelated pairs) compared to non-believers.,NA,NA,NA,NA,NA,NA,NA,Bayesian Linear Mixed-effects Models (LMEMs).,Following rule of thumb (minimum 30-50 participants/items).,NA,NA,NA,NA,NA,Epistemically Unwarranted Beliefs (EUB).
Frau F.,2025,Understanding with the body? Testing the role of verb relative embodiment across tasks at the interface of language and memory,Journal of Memory and Language,https://doi.org/10.1016/j.jml.2024.104566,Frau_2025_Understanding_with_the.pdf,Both (Scopus + NotebookLM),FALSE,NA,NA,9,Exp 1 (LDT),35,800 (400 verbs + 400 pseudoverbs),Italian,Italian-speaking,NA,NA,NA,Lexical decision task (LDT). Investigates Relative Embodiment (RE).,Verbal Meaning Task (VMT) total score (vocabulary skills).,NA,NA,The effect of Relative Embodiment (RE) on latencies decreased as participants’ vocabulary skills increased (significant interaction).,"Interaction RE * VMT: β = 0.02, p = .006.",NA,Vividness of Movement Imagery Questionnaire-2 (VMIQ-2) subscale scores.,NA,NA,VMIQ-2 subscales inclusion did not improve model’s fit.,NA,Linear Mixed-effects Model (LMM). Likelihood-ratio tests (LRTs).,Based on Sidhu et al. (2014).,0.8,47 (required to detect Cohen's d = 0.42),NA,NA,NA,NA
Frau F.,2025,Understanding with the body? Testing the role of verb relative embodiment across tasks at the interface of language and memory,Journal of Memory and Language,https://doi.org/10.1016/j.jml.2024.104566,Frau_2025_Understanding_with_the.pdf,Both (Scopus + NotebookLM),FALSE,NA,NA,9,Exp 2 (GDT),44,160 trials (80 verbs + 80 nouns),Italian,Italian-speaking,NA,NA,NA,"Grammatical decision task (GDT, go/no-go paradigm). Investigates RE effects.",Verbal Meaning Task (VMT) total score (vocabulary skills).,NA,NA,GDT latencies were generally faster for individuals with higher vocabulary skills (main effect).,NA,NA,Vividness of Movement Imagery Questionnaire-2 (VMIQ-2) subscale scores.,NA,NA,Inclusion of RE levels and VMIQ-2 subscales did not improve model’s fit.,NA,Linear Mixed-effects Model (LMM). Likelihood-ratio tests (LRTs).,Sensitivity power analysis.,0.8,NA,NA,NA,NA,NA
Frau F.,2025,Understanding with the body? Testing the role of verb relative embodiment across tasks at the interface of language and memory,Journal of Memory and Language,https://doi.org/10.1016/j.jml.2024.104566,Frau_2025_Understanding_with_the.pdf,Both (Scopus + NotebookLM),FALSE,NA,NA,10,Exp 3 (MRT),85,140 verbs,Italian,Italian-speaking,NA,NA,NA,Memory Recognition Task (MRT). Semantic processing (RE effects).,Verbal Meaning Task (VMT) total score (vocabulary skills).,NA,NA,MRT log-transformed zRTs showed a significant negative main effect of Verbal Meaning Task score.,"VMT: β = -0.13, p = .009, IR² = .016.",NA,VMIQ-2 subscales.,NA,NA,Interaction involving RE levels and VMIQ-2 subscales was not significant (p = .488).,NA,Linear Mixed-effects Model (LMM). ANOVA.,Power analysis based on Sidhu & Pexman (2016). Sensitivity power analysis.,0.8,NA,75 (required to detect Cohen’s d = 0.33),NA,NA,NA
Isbilen E.S.,2025,Finding Words in a Sea of Text: Word Search as a Measure of Sensitivity to Statistical Regularities in Reading,Journal of Experimental Psychology Learning Memory and Cognition,https://doi.org/10.1037/xlm0001412,Isbilen_2025_Finding_Words_in.pdf,Scopus only,TRUE,NA,X,NA,NA,NA,NA,NA,NA,NA,NA,NA,NA,NA,NA,NA,NA,NA,NA,NA,NA,NA,NA,NA,NA,NA,NA,NA,NA,NA,NA,NA
Muraki E.J.,2025,Grasping Variance in Word Norms: Individual Differences in Motor Imagery and Semantic Ratings,Journal of Cognition,https://doi.org/10.5334/joc.418,Muraki_2025_Grasping_Variance_in.pdf,Both (Scopus + NotebookLM),FALSE,NA,NA,9,NA,130 participants retained (164 recruited),45460 (observations in LME models),English,Monolingual English speakers,NA,NA,NA,Graspability ratings task (Semantic Ratings),NA,NA,NA,NA,NA,NA,NA,NA,NA,"Vividness of Movement Imagery Questionnaire 2 (VMIQ-2). Florida Praxis Imagery Questionnaire (FPIQ) subscales (Kinesthetic, Position, Action, Object). Test of Ability in Movement Imagery with Hands (TAMI-h).",Significant relationship between motor imagery vividness (VMIQ-2) and absolute rating difference scores (variance measure). People with more vivid motor imagery provided ratings further from the mean.,Handedness Quotient (Edinburgh Handedness Inventory).,Linear mixed effect models.,Preregistered hypotheses,NA,NA,NA,NA,"VMIQ-2 predicting absolute rating difference: b = -0.00, p = .002."
Grey S.,2025,Electrophysiology in the language classroom: A review of ERP individual differences studies with implications for L2 research and instruction,Instructed Second Language Acquisition,https://doi.org/10.1558/isla.28247,Grey_2025_Electrophysiology_in_the.pdf,Scopus only,TRUE,NA,X,NA,NA,NA,NA,NA,NA,NA,NA,NA,NA,NA,NA,NA,NA,NA,NA,NA,NA,NA,NA,NA,NA,NA,NA,NA,NA,NA,NA,NA
Foryś-Nogala M.,2025,Cumulative L1-L2-L3 lexical similarity versus L2-L3 lexical similarity: What impacts learners' L3 word knowledge and L3 word processing more?,Bilingualism,https://doi.org/10.1017/S1366728925000410,Foryś-Nogala_2025_Cumulative_L1-L2-L3_lexical.pdf,Both (Scopus + NotebookLM),FALSE,NA,NA,7,L3 Test & LDT,93 (55 for LDT analysis),120 keywords,"Italian (L3), English (L2), Polish (L1)",Polish (L1),"English (L2), Italian (L3)",NA,NA,Lexical Decision Task (LDT) on L3 keywords. L3 Vocabulary test (translation and sentence use).,L3-Italian proficiency (DIALANG). L2-English proficiency (DIALANG). Guessing tendencies.,NA,NA,Higher proficiency in L3-Italian was beneficial for translation accuracy of all word types. Detrimental effect of guessing tendencies diminished with growing L3-Italian proficiency.,"L3-Italian proficiency for sentence accuracy: z = 5.60, p < .001.",NA,NA,NA,NA,NA,NA,Linear Mixed-effects Models (LMM/GLMM). Likelihood Ratio Tests (LRTs).,Sample size determined based on previous studies without prior power analysis.,NA,NA,NA,NA,NA,Associative learning (LLAMA-B). Working memory (PRSPAN).
Kahraman H.,2025,Two decades later: letter transpositions within and across morpheme boundaries in L1 and L2 speakers,Bilingualism,https://doi.org/10.1017/S1366728924001020,Kahraman_2025_Two_decades_later:.pdf,Scopus only,FALSE,NA,NA,NA,NA,NA,NA,NA,NA,NA,NA,NA,NA,NA,NA,NA,NA,NA,NA,NA,NA,NA,NA,NA,NA,NA,NA,NA,NA,NA,NA,NA
Wu J.,2025,"Distinct language control mechanisms in speech production and comprehension: evidence from N-2 repetition, switching, and mixing costs",Journal of Multilingual and Multicultural Development,https://doi.org/10.1080/01434632.2025.2522829,Wu_2025_Distinct_language_control.pdf,Both (Scopus + NotebookLM),FALSE,NA,NA,6,Exp 1,41,660,"Cantonese, Mandarin, English",Cantonese,Mandarin,NA,NA,Spoken word production (picture naming),"Language status (L1, L2, L3); Self-rated proficiency; Language control indices",NA,NA,Production exhibited strong aggregate effects on language control indices,Production switching costs: 434 ms overall; Overall n-2 repetition costs vs comprehension: $,NA,r,NA,NA,"< 0.10$, $BF_{01} > 4.08$",NA,NA,"Language control indices (n-2 repetition costs, switching costs, mixing costs)",Linear Mixed Effects Models (LMEMs); Pearson correlation; Bayesian statistics (BF); Permutation tests,G*Power,0.8,34,NA,NA
Wu J.,2025,"Distinct language control mechanisms in speech production and comprehension: evidence from N-2 repetition, switching, and mixing costs",Journal of Multilingual and Multicultural Development,https://doi.org/10.1080/01434632.2025.2522829,Wu_2025_Distinct_language_control.pdf,Both (Scopus + NotebookLM),FALSE,NA,NA,6,Exp 2,41,660 (estimate),"Cantonese, Mandarin, English",Cantonese,Mandarin,NA,NA,Auditory word comprehension (Semantic decision: judging if word refers to a living object or not),"Language status (L1, L2, L3); Self-rated proficiency; Language control indices",NA,NA,Comprehension only showed significant mixing costs; No significant cross-modality correlations found,"Mixing costs: 24 ms, $F = 10.16$, $p = 0.003$; Cross-modality correlations: $BF_{01} > 4.08$",NA,NA,NA,NA,NA,NA,LMEMs; Pearson correlation; Bayesian statistics (BF); Permutation tests,G*Power,0.8,34,NA,NA,NA,"Language control indices (n-2 repetition costs, switching costs, mixing costs)"
Liu X.,2024,Individual differences in the neural architecture in semantic processing,Scientific Reports,https://doi.org/10.1038/s41598-023-49538-8,Liu_2024_Individual_differences_in.pdf,Both (Scopus + NotebookLM),TRUE,"Does not feature an individual difference measure related to imagery/perceptual/motor experience, focusing on language skills (PVT, ORRT) and neurobiological markers.",NA,0,NA,97 (100 unrelated subjects recruited),"N/A (fMRI task with 2 runs, 4 blocks of story condition and 4 blocks of math condition per run)",N/A (Language task is story comprehension/listening comprehension),N/A (HCP dataset),NA,NA,NA,Story comprehension task (semantic processing task/contrast: story minus math),"Picture Vocabulary Test (PVT), Oral Reading Recognition Test (ORRT)",NA,NA,Investigated whether behavioral language skills can be explained and predicted by functional networks composed of regions with substantial individual differences.,Prediction performance evaluated by Pearson correlation coefficient between predicted and observed behavioral scores.,NA,NA,NA,NA,NA,NA,Correlation analysis (Pearson correlation). Connectome-based predictive modeling (CPM) using leave-one-out cross validation (LOOCV).,NA,NA,NA,NA,NA,NA,"Functional/structural neurobiological markers (fROVs, sROVs)."
Haro J.,2024,The role of individual differences in emotional word recognition: Insights from a large-scale lexical decision study,Behavior Research Methods,https://doi.org/10.3758/s13428-024-02488-z,Haro_2024_The_role_of.pdf,Both (Scopus + NotebookLM),FALSE,NA,NA,8,LDT Megastudy,918,7500 words + 7500 pseudowords (600 trials/participant),Spanish,NA,NA,NA,NA,Lexical Decision Task (LDT). Investigates emotional valence and arousal.,NA,NA,NA,"Emotional valence effects are influenced by personality traits, age, and gender.","Valence * Openness to experience: Estimate 1.51, t = 4.55, p < 0.001. Valence * Participant gender: Estimate 3.24, t = 4.49, p < 0.001.",NA,NA,NA,NA,NA,NA,Linear mixed effects model (LMEM).,NA,NA,NA,NA,NA,NA,Personality traits (Big Five). Participant age and gender.
Watkins F.,2024,Viewing angle matters in British Sign Language processing,Scientific Reports,https://doi.org/10.1038/s41598-024-51330-1,Watkins_2024_Viewing_angle_matters.pdf,Both (Scopus + NotebookLM),TRUE,Does not clearly address semantic/conceptual processing or use a standard lexical/semantic task.,NA,0,NA,45,240 items,British Sign Language (BSL),British Sign Language (BSL),L2 signers (Advanced/Intermediate Hearing),NA,NA,Distance priming paradigm,"Language background (L1 deaf/hearing, L2 advanced/intermediate); Mean self-ratings of frequency of exposure to BSL input",NA,NA,L2 Intermediate group was significantly less accurate than all other groups in prime trials,"L2 Intermediate vs L1 Deaf: Z = 5.43, $p < 0.001$",NA,NA,NA,NA,NA,NA,Linear mixed effects models; likelihood ratio tests; Z-tests,NA,NA,NA,NA,NA,NA,Deafness
Heikkilä T.T.,2024,Relating foveal and parafoveal processing efficiency with word-level parameters in text reading,Journal of Memory and Language,https://doi.org/10.1016/j.jml.2024.104516,Heikkilä_2024_Relating_foveal_and.pdf,Both (Scopus + NotebookLM),FALSE,NA,NA,7,Foveal/Parafoveal Tasks,74,565 items used across models,Finnish,Native Finnish speakers,NA,NA,NA,"Lexical Decision, Word Naming, Pseudoword Naming (used as predictor measures of reading fluency/efficiency).","Foveal word processing efficiency (Foveal word naming accuracy, Foveal lexical decision accuracy).",NA,NA,Higher efficiency scores in LDT/Naming led to a lower probability of refixating a word and higher probability of word skipping.,"Foveal lexical decision at 60 ms on refixation probability: OR = .787, SE = .065.",NA,NA,NA,NA,NA,NA,GLMM. LMM. Random Forests.,Simulation (simR package).,0.8,N/A (Sample size deemed sufficient),NA,NA,NA,NA
Mahé G.,2024,Error-monitoring: A predictor of future reading skills? A 3-year longitudinal study in children,Developmental Cognitive Neuroscience,https://doi.org/10.1016/j.dcn.2024.101350,Mahé_2024_Error-monitoring:_A_predictor.pdf,Scopus only,FALSE,NA,NA,NA,NA,NA,NA,NA,NA,NA,NA,NA,NA,NA,NA,NA,NA,NA,NA,NA,NA,NA,NA,NA,NA,NA,NA,NA,NA,NA,NA,NA
Lau G.K.B.,2024,Higher autism trait severity in children associates with diminished integration of angry prosody in semantic processing,Research in Autism Spectrum Disorders,https://doi.org/10.1016/j.rasd.2023.102325,Lau_2024_Higher_autism_trait.pdf,Both (Scopus + NotebookLM),TRUE,"Individual difference measures focus on Autism trait severity (ADOS) and general cognitive ability (IQ), not imagery/perceptual/motor experience.",NA,0,NA,"46 (32 Male, 14 Female)",240 trials in total per person,Cantonese,N/A (Children),NA,NA,NA,Semantic valence task (judging word meaning as positive or negative),Language ability (HKCOLAS),NA,NA,"N/A (Effect of language controlled for, not focus of outcome)",NA,NA,NA,NA,NA,NA,NA,"ANCOVAs, PCA, post hoc regressions.",NA,NA,NA,NA,NA,NA,"ADOS raw total score, IQ, Sex."
Koutamanis E.,2024,Shared representations in cognate comprehension and production: An online picture naming and lexical decision study with bilingual children,Applied Psycholinguistics,https://doi.org/10.1017/S0142716424000158,Koutamanis_2024_Shared_representations_in.pdf,Both (Scopus + NotebookLM),TRUE,"Does not feature an individual difference measure related to imagery/perceptual/motor experience, focusing on bilingual language exposure and cognate effects.",NA,0,NA,NA,NA,NA,Greek,N/A (bilingual children),NA,NA,Greek/Dutch,"Lexical Decision Task, Picture Naming",NA,NA,Percentage of Dutch Exposure (self-reported metric),Percentage of Dutch Exposure was a significant predictor of Lexical Decision Accuracy (Negative effect).,NA,"Lexical Decision Accuracy: B = -2.247, p = .004",NA,NA,NA,NA,"Language Context, Trial Number, Previous Trial Accuracy, Previous Trial logRT",Mixed effects models (Linear and Generalized Linear). Likelihood Ratio Tests (Anova function).,NA,NA,NA,NA,NA,NA
Kahraman H.,2024,"Sand, Sandpaper, and Sandwiches: Evidence From a Masked Compound Priming Task in L1 and L2 Speakers of English",Journal of Cognition,https://doi.org/10.5334/joc.350,"Kahraman_2024_Sand,_Sandpaper,_and.pdf",Both (Scopus + NotebookLM),FALSE,NA,NA,9,Exp 1A (L1 English speakers),95 (126 recruited),96 target words preceded by three morphological conditions and their unrelated controls,English,English (L1 speakers),NA,NA,NA,Masked priming lexical decision task,"Spelling, vocabulary, and reading tests. Composite score of language proficiency and exposure from LEAP-Q.",NA,NA,None of the proficiency tests or individual variables significantly interacted with relatedness and prime type.,"χ2(2) = 0.51, p = 0.77 for spelling; χ2(2) = 0.12, p = 0.94 for vocabulary; χ2(2) = 0.12, p = 0.94 for reading; χ2(2) = 0.08, p = 0.95 for the composite score of language proficiency and exposure.",NA,NA,NA,NA,NA,NA,Linear mixed-effects (LME) models implemented in R. Post-hoc tests using the emmeans package. ANOVA (Type III model comparisons).,Preregistered predictions,NA,NA,NA,NA,NA,Testing modality (in-person vs web-delivered).
Kahraman H.,2024,"Sand, Sandpaper, and Sandwiches: Evidence From a Masked Compound Priming Task in L1 and L2 Speakers of English",Journal of Cognition,https://doi.org/10.5334/joc.350,"Kahraman_2024_Sand,_Sandpaper,_and.pdf",Both (Scopus + NotebookLM),FALSE,NA,NA,9,Exp 1B (L2 English speakers),120 (125 recruited),Same materials as Experiment 1A. 96 target words preceded by related/unrelated primes.,English,Chinese (majority),English (L2),NA,NA,Masked priming lexical decision task,"Spelling, vocabulary, and reading tests. LEAP-Q (Language Experience and Proficiency Questionnaire). Self-reported language proficiency and exposure, age of language acquisition.",NA,NA,Analyses were conducted to assess whether language proficiency tests or variables from LEAP-Q contributed significantly to producing a better fitting model.,NA,NA,NA,NA,NA,NA,NA,Linear mixed-effects (LME) models.,Preregistered analyses were conducted to test the priming effects in L2 speakers and to directly compare the effect sizes in L1 and L2,NA,NA,NA,NA,NA,Testing modality (in-person vs web-delivered).
Li B.B.,2024,Cognition and beyond: Intersections of personality traits and language,Psychology of Learning and Motivation Advances in Research and Theory,https://doi.org/10.1016/bs.plm.2024.03.003,Li_2024_Cognition_and_beyond:.pdf,Scopus only,TRUE,Not an experimental study,NA,NA,NA,NA,NA,NA,NA,NA,NA,NA,NA,NA,NA,NA,NA,NA,NA,NA,NA,NA,NA,NA,NA,NA,NA,NA,NA,NA,NA,NA
Lukic S.,2024,A semantic strength and neural correlates in developmental dyslexia,Frontiers in Psychology,https://doi.org/10.3389/fpsyg.2024.1405425,Lukic_2024_A_semantic_strength.pdf,Both (Scopus + NotebookLM),TRUE,"Does not feature an individual difference measure related to imagery/perceptual/motor experience, focusing on semantic and letter fluency.",NA,0,NA,97 children with dyslexia,N/A (Timed fluency tests: 60 seconds per category),English,Native speakers of English language,NA,NA,NA,Semantic fluency test (Word Generation test from NEPSY-II),Semantic ability (semantic fluency score),NA,NA,Investigated differences between high and average semantic fluency groups. High semantic fluency group had higher scores on various semantic clustering metrics.,NA,NA,NA,NA,NA,NA,NA,t-test. ANOVA.,Study noted limitations including unequal sample sizes and small imaging study,NA,NA,NA,NA,NA,"Letter fluency, design fluency (controls for verbal processing speed). Reading ability scores (TOWRE-2, WJ tests, GORT comprehension)."
Baek H.,2023,Proficiency versus lexical processing efficiency as a measure of L2 lexical quality: Individual differences in word-frequency effects in L2 visual word recognition,Memory and Cognition,https://doi.org/10.3758/s13421-023-01436-0,Baek_2023_Proficiency_versus_lexical.pdf,Both (Scopus + NotebookLM),FALSE,NA,NA,6,Exp 1,Not stated (N=53 surveyed),360,English,Korean,English,NA,NA,Lexical Decision Task (LDT),"Cloze test scores (L2 proficiency), Inverse Efficiency Score (IES) (Lexical processing efficiency)",NA,NA,"Cloze score significantly affected RT (β = -45.350, p = 0.008). IES significantly interacted with Frequency (β = -33.058, p = 0.003)","Cloze on RT: β = -45.350, t = -2.722. Frequency:IES interaction on RT: β = -33.058, t = -2.992",NA,Semantic concreteness (stimulus attribute/control factor),NA,NA,NA,NA,Mixed-effects regression models (Linear and Generalized Linear),NA,NA,NA,NA,NA,NA,Age of Acquisition (AOA)
Muraki E.J.,2023,Meaning in hand: Investigating shared mechanisms of motor imagery and sensorimotor simulation in language processing,Cognition,https://doi.org/10.1016/j.cognition.2023.105589,Muraki_2023_Meaning_in_hand:.pdf,Scopus only,FALSE,NA,NA,NA,NA,NA,NA,NA,NA,NA,NA,NA,NA,NA,NA,NA,NA,NA,NA,NA,NA,NA,NA,NA,NA,NA,NA,NA,NA,NA,NA,NA
Heitmeier M.,2023,How trial-to-trial learning shapes mappings in the mental lexicon: Modelling lexical decision with linear discriminative learning,Cognitive Psychology,https://doi.org/10.1016/j.cogpsych.2023.101598,Heitmeier_2023_How_trial-to-trial_learning.pdf,Both (Scopus + NotebookLM),FALSE,NA,NA,7,DLM Modelling of BLP,78,"28,730 words + 28,730 nonwords",English (British Lexicon Project),NA,NA,NA,NA,Lexical Decision Task (LDT). Semantic vectors/embeddings used.,Log Word frequency. Log Neighbourhood size.,NA,NA,Slower subjects had a stronger effect of Word length. Log Word frequency showed a weak correlation with random effects.,NA,NA,NA,NA,NA,NA,NA,Linear Mixed-effects Models (LMM). Generalized Additive Models (GAMs).,NA,NA,NA,NA,NA,NA,Trial number. Processing speed/RT.
Huete-Pérez D.,2023,Individual differences in visual word recognition: the role of epistemically unwarranted beliefs on affective processing and signal detection,Language and Cognition,https://doi.org/10.1017/langcog.2022.38,Huete-Pérez_2023_Individual_differences_in.pdf,Both (Scopus + NotebookLM),FALSE,NA,NA,7,LDT,97,600 (300 words + 300 pseudowords),Spanish,NA,Catalan (implied),NA,NA,Lexical decision task (LDT). Measures valence and arousal effects.,NA,NA,NA,NA,NA,NA,NA,NA,NA,NA,NA,Linear Mixed-effects Models (LMEM).,"Following published guidelines (Scherbaum & Ferreter, 2009; Brysbaert & Stevens, 2018).",NA,NA,NA,NA,NA,Epistemically unwarranted beliefs (EUB).
Huete-Pérez D.,2023,Individual differences in visual word recognition: the role of epistemically unwarranted beliefs on affective processing and signal detection,Language and Cognition,https://doi.org/10.1017/langcog.2022.38,Huete-Pérez_2023_Individual_differences_in.pdf,Both (Scopus + NotebookLM),FALSE,NA,NA,7,Recognition Memory Task (RMT),"87 (97 recruited, 10 excluded)","147 items (74 old, 73 new)",Spanish,NA,Catalan (implied),NA,NA,Recognition Memory Task (RMT).,NA,NA,NA,NA,NA,NA,NA,NA,NA,NA,NA,Signal detection theory analyses. Correlation analysis.,Following published guidelines.,NA,NA,NA,NA,NA,Epistemically unwarranted beliefs (EUB).
Scaff C.,2023,"Factors structuring lexical development in toddlers: The effects of parental education, language exposure, and age",Journal of Child Language,https://doi.org/10.1017/S0305000922000186,Scaff_2023_Factors_structuring_lexical.pdf,Both (Scopus + NotebookLM),TRUE,—,NA,5,Single experiment,91 children [aaaaa],41 test trials (plus 3 training trials) [bbbbb],French [ccccc],French (Monolingual or Bilingual learners) [ddddd],—,NA,NA,"Computerized Comprehension Test adaptation (vocabulary task/conceptual processing indexed by accuracy) [bbbbb, fffff]",Lingual status (Monolingual/MinExp/ModExp) [eeeee]; Accuracy (cumulative lexical knowledge) [fffff],NA,NA,Accuracy was affected by lingual status (MinExp and ModExp showed lower accuracy) [fffff].,MinExp Estimate: -0.49 (0.1); ModExp Estimate: -0.64 (0.12) (Logit scale) [eeeee],NA,—,NA,NA,—,—,"Type III ANOVA; Regression analyses; Mediation analysis [eeeee, fffff]",—,—,—,—,—,NA,"Age [eeeee, fffff]; Maternal education (SES proxy) [fffff]; Response Times (processing skills) [fffff]"
Lai Y.Y.,2023,Impact of social cognitive propensity on the processing of nontransparent sentential meaning,Journal of Pragmatics,https://doi.org/10.1016/j.pragma.2022.12.014,Lai_2023_Impact_of_social.pdf,Both (Scopus + NotebookLM),TRUE,"Individual difference measure is Autism-Spectrum Quotient (AQ), not language experience or imagery/perceptual/motor experience.",NA,0,NA,"54 (56 recruited, 2 excluded)","30 sets of four sensical conditions, 20 sets of three nonsensical conditions",Mandarin Chinese (MC),Taiwanese Mandarin Chinese (MC),NA,NA,NA,"Interpretation task (judging iterativity, rating naturalness)",NA,NA,NA,NA,NA,NA,NA,NA,NA,NA,NA,Mixed-effects model analysis (lmer syntax provided).,NA,NA,NA,NA,NA,NA,Autism-Spectrum Quotient (AQ) scores.
Schwarz J.,2023,Individual differences in the auditory processing of morpho-phonological and semantic cues,Language Cognition and Neuroscience,https://doi.org/10.1080/23273798.2023.2227297,Schwarz_2023_Individual_differences_in.pdf,Both (Scopus + NotebookLM),TRUE,—,NA,9,Exp 1,49 native speakers of English [dddddd],6272 total responses [eeeeee],English [dddddd],English [dddddd],—,NA,NA,Auditory lexical decision task [ffffgg],Semantic Neighbourhood Density (SND); Word Frequency [gggggg],NA,NA,"SND significantly predicted RTs (b = -146.89, p < .029); Slow responders showed a greater SND effect than fast responders [hhhhhh, iiiiii]",SND main effect coefficient: -146.89 [hhhhhh]; Group x SND interaction coefficient: 55.19 (p = 0.035) [hhhhhh],NA,—,NA,NA,—,—,"Linear mixed-effects models (LME); Quantile regression analysis; Median-split analysis [jjjjjj, kkkkkk]",—,—,—,—,—,NA,Processing speed (median split into fast/slow responders) [hhhhhh]
Schwarz J.,2023,Individual differences in the auditory processing of morpho-phonological and semantic cues,Language Cognition and Neuroscience,https://doi.org/10.1080/23273798.2023.2227297,Schwarz_2023_Individual_differences_in.pdf,Both (Scopus + NotebookLM),TRUE,—,NA,9,Exp 2,49 native English speakers [llllll],4585 total responses [mmmmmm],English [llllll],English [llllll],—,NA,NA,Auditory judgment paradigm [nnnnnn],Word Frequency (log-transformed token surface frequency) [oooooo],NA,NA,Fast responders showed a significant effect of Word Frequency [pppppp].,Frequency coefficient for fast responders: 10.90 (p = 0.002) [pppppp],NA,—,NA,NA,—,—,"Linear mixed-effects models (LME); Quantile regression analysis; Median-split analysis [oooooo, pppppp]",—,—,—,—,—,NA,Processing speed (median split into fast/slow responders) [pppppp]
Lai W.,2022,Individual differences in simultaneous perceptual compensation for coarticulatory and lexical cues,Linguistics Vanguard,https://doi.org/10.1515/lingvan-2020-0040,Lai_2022_Individual_differences_in.pdf,Both (Scopus + NotebookLM),TRUE,"Focused individual difference analysis is on correlational estimates of cue compensation coefficients (lexical vs coarticulatory), and data from the AQ questionnaire (other ID measure) were unusable. Does not include required individual language experience or imagery measures.",NA,0,NA,42,224 items (8 steps × 4 frames × 7 repetitions),English,N/A (not specified but context implies English L1),NA,NA,NA,Lexical decision task,NA,NA,NA,NA,NA,NA,AQ questionnaire (data unusable),NA,NA,NA,NA,Mixed-effects logistic models (lme4 package). Pearson’s correlation test.,NA,NA,NA,NA,NA,NA,Individual estimates of lexical context and coarticulatory context coefficients.
Momsen J.,2022,Developmental differences in EEG oscillations supporting the identification of novel word meaning from context,Developmental Cognitive Neuroscience,https://doi.org/10.1016/j.dcn.2022.101185,Momsen_2022_Developmental_differences_in.pdf,Both (Scopus + NotebookLM),TRUE,"Does not feature an individual difference measure related to imagery/perceptual/motor experience, focusing on age and Core Language scores (CELF-5).",NA,0,NA,82 children (104 recruited),150 presentations of the pseudoword (50 total trials * 3 sentences per trial),English,Monolingual English speakers or English as primary language,NA,NA,NA,Meaning identification task (inferential word learning),Language abilities (Core Language sub-tests of the CELF-5),NA,NA,Language abilities held a relationship with beta band dynamics during all sentences.,NA,NA,NA,NA,NA,NA,NA,Generalized linear mixed effects models (GLMER).,Study was observational/developmental,NA,NA,NA,NA,NA,Age.
Zhou N.,2022,The effects of aging and perceived loneliness on lexical ambiguity resolution,Frontiers in Psychology,https://doi.org/10.3389/fpsyg.2022.978616,Zhou_2022_The_effects_of.pdf,Both (Scopus + NotebookLM),FALSE,NA,NA,9,Exp 1,50,240,Chinese,Chinese,NA,NA,NA,Lexical decision task (LDT),Vocabulary test scores (WAIS-III VC); Category verbal fluency test (VF); Length of education (ED),NA,NA,"Multiple linear regression analyses conducted to assess influence of ED, VC, VF, DSC, LS on RT/sublexical ambiguity effect",NA,NA,NA,NA,NA,NA,NA,Multiple linear regression analyses (forward hierarchical method); Mixed multi-factorial ANOVA,NA,NA,NA,NA,NA,NA,Processing speed (DSC); Perceived loneliness (LS); Age (as a covariate); Cognitive ability (MoCA)
Meng D.,2022,Generalizable predictive modeling of semantic processing ability from functional brain connectivity,Human Brain Mapping,https://doi.org/10.1002/hbm.25953,Meng_2022_Generalizable_predictive_modeling.pdf,Both (Scopus + NotebookLM),TRUE,"Does not feature an individual difference measure related to imagery/perceptual/motor experience, focusing on a latent semantic processing factor derived from language and cognitive tests.",NA,0,NA,868,N/A (fMRI data analysis),N/A (HCP dataset),N/A (HCP dataset),NA,NA,NA,"Semantic Processing (latent factor derived from PicVoc, ReadEng, ListSort, PicSeq, ProcSpeed)","Picture Vocabulary (PicVoc), Oral Reading Recognition (ReadEng)",NA,NA,Models built using functional connectivity predicted latent SP scores.,Prediction performance evaluated via correlation coefficient (r) between predicted and observed SP scores.,NA,NA,NA,NA,NA,NA,Confirmatory Factor Analysis (CFA). Connectome-based predictive modeling (CPM). Cross-validation procedures.,NA,NA,NA,NA,NA,NA,Cognitive control (CC) and Motor control (MC) components.
Elias M.,2022,Cross-language interactions during novel word learning: The contribution of form similarity and participant characteristics,Bilingualism,https://doi.org/10.1017/S1366728921000857,Elias_2022_Cross-language_interactions_during.pdf,Both (Scopus + NotebookLM),FALSE,NA,NA,6,L1 Visual Lexical Decision Task (LDT) & Learning Protocol,54 (for main learning analyses),168 (in L1 LDT),Hebrew (L1 LDT); Arabic (FL),Native Hebrew speakers,"English (L2/L3), Arabic (FL)",NA,NA,Hebrew Visual Lexical Decision Task (LDT). Translation recognition test.,L1 verbal fluency. L1/L2/Arabic proficiency and use.,NA,NA,Individuals with lower L1 verbal fluency exhibited a learning advantage for false-cognates over control words. Processing of L1 words was affected after learning FL meanings.,NA,NA,NA,NA,NA,NA,NA,Linear Mixed-effects Models (LMM/GLMM using buildmer function). ANOVA.,NA,NA,NA,NA,NA,NA,"Phonological short-term memory abilities. Age, Gender."
Zou L.,2022,Brain responses during auditory word recognition vary with reading ability in Chinese school-age children,Developmental Science,https://doi.org/10.1111/desc.13216,Zou_2022_Brain_responses_during.pdf,Both (Scopus + NotebookLM),FALSE,NA,NA,6,Exp 1,NA,NA,Chinese,Chinese,NA,NA,NA,Word/Pseudoword condition (Speech processing/Phonological processing); Character production task,Reading-related measures (reduced dimension measures),NA,NA,Main aim was to examine brain responses to speech and their correlations with reading performance,NA,NA,NA,NA,NA,NA,NA,Reduced dimension analysis; Covariates in model,NA,NA,NA,NA,NA,NA,NA
Fricke M.,2022,Modulation of Cross-Language Activation During Bilingual Auditory Word Recognition: Effects of Language Experience but Not Competing Background Noise,Frontiers in Psychology,https://doi.org/10.3389/fpsyg.2022.674157,Fricke_2022_Modulation_of_Cross-Language.pdf,Both (Scopus + NotebookLM),FALSE,NA,NA,7,LDT,89,240 trials,English (Auditory LDT),English (L1),Spanish (L2/Heritage),NA,NA,Auditory Lexical Decision Task (LDT).,"Spanish LexTALE scores (objective vocabulary knowledge). Principal Components (PCs) from language experience measures (e.g., Daily Spa Exposure, Spa AoA).",NA,NA,PC4 interacted significantly with Participant Group and Cognate Status on RTs. Spanish LexTALE scores interacted significantly with Noise Condition.,"Interaction PC4 + PC4:Group + PC4:CogStatus + PC4:CogStatus:Group: χ² = 3.9, p = 0.048.",NA,NA,NA,NA,NA,NA,Linear Mixed-effects Models (LMM). ANOVA. Principal Components Analysis (PCA).,NA,NA,NA,NA,NA,NA,"Age, Gender."
Xia Z.,2022,Atypical Relationships Between Neurofunctional Features of Print-Sound Integration and Reading Abilities in Chinese Children With Dyslexia,Frontiers in Psychology,https://doi.org/10.3389/fpsyg.2021.748644,Xia_2022_Atypical_Relationships_Between.pdf,Both (Scopus + NotebookLM),FALSE,NA,NA,7,Exp 1,NA,NA,Chinese,Chinese,NA,NA,NA,Passive audiovisual paradigm (Target detection task),Oral reading fluency; Silent reading comprehension; Phoneme deletion; Rapid naming; Morphological production,NA,NA,"Neural integration (avC-avI) correlation with oral reading fluency: Positive correlation in typical readers, negative correlation in dyslexia","L OTC Control group (avC-avI): $r = 0.525$, $p = 0.021$; Dyslexic group: $r = -0.804$, $p < 0.001$",NA,Imageability rating of characters (as stimulus property),NA,NA,NA,NA,Correlation analysis; Voxel-wise whole-brain regression analyses; ROI analyses,NA,NA,NA,NA,NA,NA,Dyslexia status; Performance IQ (controlled for)
Mora-Plaza I.,2022,High-Variability Phonetic Training Under Different Conditions: Individual Differences in Auditory Attention Control,Second Language Learning and Teaching,Second Language Learning and Teaching,Mora-Plaza_2022_High-Variability_Phonetic_Training.pdf,Scopus only,TRUE,NA,X,NA,NA,NA,NA,NA,NA,NA,NA,NA,NA,NA,NA,NA,NA,NA,NA,NA,NA,NA,NA,NA,NA,NA,NA,NA,NA,NA,NA,NA
Yeatman J.D.,2021,Rapid online assessment of reading ability,Scientific Reports,https://doi.org/10.1038/s41598-021-85907-x,Yeatman_2021_Rapid_online_assessment.pdf,Both (Scopus + NotebookLM),FALSE,NA,NA,7,Study 1,120,500,English,NA,NA,NA,NA,Lexical Decision Task (LDT),"WJ-Word-ID (reading ability); TOWRE Index standard scores; Verbal abilities (WASI-II, Vocabulary subtest)",NA,NA,"Significant length by reading ability interaction, indicating word length effect diminishes as reading ability improves","Length by reading ability interaction: $\beta = -0.010$, $SE = 0.0036$, $t = 2.76$",NA,NA,NA,NA,NA,NA,Linear mixed effects models; Item Response Theory (IRT),NA,NA,NA,NA,NA,NA,"General reasoning abilities (WASI-II, Matrix Reasoning subtest); Dyslexia status"
Xiong J.,2021,The Effects of Orthographic Neighborhood Size and the Influence of Individual Differences in Linguistic Skills During the Recognition of Chinese Words,Frontiers in Psychology,https://doi.org/10.3389/fpsyg.2021.727894,Xiong_2021_The_Effects_of.pdf,Both (Scopus + NotebookLM),FALSE,NA,NA,9,Exp 1,119,160,Chinese,Chinese,NA,NA,NA,Lexical Decision Task (LDT),Spelling dictation test score (ZSpelling); Reading comprehension test score (ZComprehension),NA,NA,"Individual differences in linguistic skills influence the neighborhood size effect, moderated by word frequency; WF:NS:ZComprehension triple interaction was significant","ZSpelling on RT: $b = -0.05$, $t = -3.67$, $p < 0.001$; WF:NS:ZComprehension interaction on RT: $t = -1.96$, $p < 0.05$",NA,NA,NA,NA,NA,NA,Linear Mixed Model (LMM)/GLMM; Regression analysis; Simple effects analysis,simr package 1.0.5,80% (Implied target),NA,NA,NA,NA,NA
Gosselin L.,2021,Lexical-semantic processing costs are not inherent to intra-sentential code-switching: The role of switching habits,Neuropsychologia,https://doi.org/10.1016/j.neuropsychologia.2021.107922,Gosselin_2021_Lexical-semantic_processing_costs.pdf,Both (Scopus + NotebookLM),FALSE,NA,NA,6,ERP Study,NA,360 items (60 sentence frames x 6 conditions),French and English (Code-switching),NA,French and English,NA,NA,Silent sentence reading (RSVP paradigm). Validity analysis (ERP gender congruency).,Group (Habitual vs. Non-habitual code-switchers). Percentage of current interactions in English.,NA,NA,Switching habits correlated negatively with neural responses to French determiner code-switched DPs. % Interactions in English correlated negatively with neural responses.,Switching habits correlation (300-500ms): -.264*. % Interactions correlation (300-500ms): -.483**.,NA,NA,NA,NA,NA,NA,Linear Mixed-effects Models (LMEM). Bayesian inclusion factors assessed.,NA,NA,NA,NA,NA,NA,NA
Kim D.,2021,Effects of Print Exposure on an Online Lexical Decision Task: A Direct Replication Using a Web-Based Experimental Procedure,Frontiers in Psychology,https://doi.org/10.3389/fpsyg.2021.710663,Kim_2021_Effects_of_Print.pdf,Both (Scopus + NotebookLM),TRUE,"Does not feature an individual difference measure related to imagery/perceptual/motor experience, focusing primarily on print exposure (KART) and language skills (LS).",NA,0,NA,148 (153 recruited),240 stimuli (words and nonwords),Korean,Korean,NA,NA,NA,Lexical Decision Task (LDT),"Korean Author Recognition Test (KART) score, Language Skills (LS) test score",NA,NA,KART score still modulates word frequency effects.,"t = –2.61, p < 0.01 (in hierarchical regression model for frequency effect)",NA,NA,NA,NA,NA,NA,ANCOVA,NA,NA,NA,NA,NA,NA,"Gender, college (covariates)"
Stern M.C.,2021,Syntactic and semantic influences on the time course of relative clause processing: The role of language dominance,Brain Sciences,https://doi.org/10.3390/brainsci11080989,Stern_2021_Syntactic_and_semantic.pdf,Both (Scopus + NotebookLM),TRUE,—,NA,9,Eye-Tracking Experiment,56 Spanish-English bilingual adults [uuuuuuu],"40 complex Spanish sentences (10 SRC, 10 ORC, 20 filler) [vvvvvvv]",Spanish [vvvvvvv],Spanish (L1/Primary language) [uuuuuuu],English [uuuuuuu],NA,NA,"Visual World Eye-Tracking (measuring semantic preference/agency processing) [ttttttt, wwwwwww]",Language Dominance Score (BLP composite score) [xxxxxxxx],NA,NA,Greater Spanish dominance corresponded with an attenuative effect on the agency preference (semantic preference) [yyyyyyyy].,"Dominance coefficient on offline comprehension accuracy: 0.001 (z = 0.230, p = 0.818) [zzzzzzzz]",NA,—,NA,NA,—,—,"Logistic mixed-effects model; Growth Curve Analysis (GCA) mixed-model analysis [aaaaaaaa, bbbbbbbb]",—,—,—,—,—,NA,Age; Sex [uuuuuuu]
Xu X.,2021,"Age of acquisition ratings for 19,716 simplified Chinese words",Behavior Research Methods,https://doi.org/10.3758/s13428-020-01455-8,Xu_2021_Age_of_acquisition.pdf,Both (Scopus + NotebookLM),FALSE,NA,NA,7,Exp 1,1765,NA,Mandarin Chinese,Mandarin Chinese,NA,NA,NA,Lexical Decision (LDT) performance analyzed (archival data),Age-of-Acquisition (AoA) ratings,NA,NA,AoA ratings were positively correlated with zRT and error rate; AoA explained additional variance in zRT and error rate,AoA correlation with zRT: $r = 0.409$; AoA predictor in zRT model: $\Delta R^2 = 0.035$,NA,NA,NA,NA,NA,NA,Correlation analysis; Regression analysis (Forward method),NA,NA,NA,NA,NA,NA,Gender and age differences analyzed
Chaouch-Orozco A.,2021,Individual differences in bilingual word recognition: The role of experiential factors and word frequency in cross-language lexical priming,Applied Psycholinguistics,https://doi.org/10.1017/S014271642000082X,Chaouch-Orozco_2021_Individual_differences_in.pdf,Both (Scopus + NotebookLM),FALSE,NA,NA,8,Exp 1,60,NA,"Spanish, English",Spanish,English,NA,NA,Masked translation priming (Lexical decision task),"L2 proficiency (OQPT scores), Language Exposure/Use (Dominance Scale questionnaire), Word frequency",NA,NA,"Significant three-way interaction: Target Language (Spanish) × Prime Type × Language Exposure/Use (Coefficient 34.10, p < .01)","Three-way interaction: Coefficient 34.10, t = 2.98, p < .01. Four-way interaction: Coefficient 23.63, t = 2.27, p < .05",NA,NA,NA,NA,NA,NA,"Linear mixed-effects models (LME), Generalized LME",Not mentioned (Notes concern about statistical power),NA,NA,NA,NA,NA,Prime/Target frequency (Zipf values)
Kahraman H.,2021,Letter transpositions and morphemic boundaries in the second language processing of derived words: An exploratory study of individual differences,Applied Psycholinguistics,https://doi.org/10.1017/S0142716420000673,Kahraman_2021_Letter_transpositions_and.pdf,Both (Scopus + NotebookLM),FALSE,NA,NA,9,Exp 1,29 students volunteered,348 (58 targets * 6 prime types),English (L2),Turkish (L1),English (L2),NA,NA,Masked primed lexical decision experiment,Reading proficiency test battery (including knowledge of vocabulary),NA,NA,Individual variability mediated group-level priming patterns. Magnitude of morphological priming effects diminished as the knowledge of vocabulary expanded.,"Significant results regarding the interaction between each priming type and each individual differences measure are reported in Table 5 through estimates for each contrast, standard error, t ratio and p values.",NA,NA,NA,NA,NA,NA,"Exploratory analysis, stepwise selection procedure, mixed-effects logistic regression models.",Reference to recommendations,NA,Below the recommendations for an ideally powered study,NA,"Below the recommended number of 1,600 trials",NA,Reading skills/proficiency measures including nonword reading.
Grant A.M.,2021,Electrophysiology reflects the influence of discourse context on auditory semantic processing in bilinguals.,Journal of Experimental Psychology Learning Memory and Cognition,https://doi.org/10.1037/xlm0000813,Grant_2021_Electrophysiology_reflects_the.pdf,Scopus only,TRUE,NA,X,NA,NA,NA,NA,NA,NA,NA,NA,NA,NA,NA,NA,NA,NA,NA,NA,NA,NA,NA,NA,NA,NA,NA,NA,NA,NA,NA,NA,NA
Muraki E.J.,2021,Simulating Semantics: Are Individual Differences in Motor Imagery Related to Sensorimotor Effects in Language Processing?,Journal of Experimental Psychology Learning Memory and Cognition,https://doi.org/10.1037/xlm0001039,Muraki_2021_Simulating_Semantics:_Are.pdf,Scopus only,FALSE,NA,NA,NA,NA,NA,NA,NA,NA,NA,NA,NA,NA,NA,NA,NA,NA,NA,NA,NA,NA,NA,NA,NA,NA,NA,NA,NA,NA,NA,NA,NA
Bousard I.,2021,The dutch auditory & image vocabulary test (DAIVT): A new dutch receptive vocabulary test for students,Psychologica Belgica,https://doi.org/10.5334/PB.552,Bousard_2021_The_dutch_auditory.pdf,Scopus only,TRUE,"Does not present novel experimental data using a processing task (e.g., semantic priming or LDT) as the dependent variable modulated by an individual difference measure. Focuses on validation of vocabulary tests.",NA,NA,NA,NA,NA,NA,NA,NA,NA,NA,NA,NA,NA,NA,NA,NA,NA,NA,NA,NA,NA,NA,NA,NA,NA,NA,NA,NA,NA,NA
Bruckert L.,2021,Investigating the effects of handedness on the consistency of lateralization for speech production and semantic processing tasks using functional transcranial Doppler sonography,Laterality,https://doi.org/10.1080/1357650X.2021.1898416,Bruckert_2021_Investigating_the_effects.pdf,Both (Scopus + NotebookLM),FALSE,NA,NA,3,Exp 1,NA,NA,NA,NA,NA,NA,NA,Word Generation Task (Verbal Fluency),None explicitly measured,NA,NA,NA,NA,NA,NA,NA,NA,NA,NA,"Custom scripts in R Studio, conventional methods",NA,NA,NA,NA,NA,NA,"Handedness, Language lateralization/CBFV data"
Carolan P.J.,2021,Financial reward has differential effects on behavioural and self-report measures of listening effort,International Journal of Audiology,https://doi.org/10.1080/14992027.2021.1884907,Carolan_2021_Financial_reward_has.pdf,Both (Scopus + NotebookLM),FALSE,NA,NA,5,Exp 1,24,NA,English,English,NA,NA,NA,Speech Recognition Task (selecting word from vocoded sentence),Mean lexical decision RT,NA,NA,"Mean LDT RT significantly predicted RT outcome (t=6.53, p<.05) in the speech recognition task",LDT RT effect on RT outcome: t = 6.53,NA,NA,NA,NA,NA,NA,"Repeated-measures ANOVA, Linear Mixed Modelling (LMM)","Cohen (1988), Faul et al. (2009)",0.8,24,NA,NA,NA,"Backwards Digit Span (WMC), Motivational traits (Need for Closure, Personal Mastery, Competitive Excellence), Listening demands, Financial reward"
Longenecker J.M.,2021,Self-Reported Perceptual Aberrations in Psychosis Map to Event-Related Potentials and Semantic Appraisals of Objects,Journal of Abnormal Psychology,https://doi.org/10.1037/abn0000697,Longenecker_2021_Self-Reported_Perceptual_Aberrations.pdf,Scopus only,TRUE,NA,X,NA,NA,NA,NA,NA,NA,NA,NA,NA,NA,NA,NA,NA,NA,NA,NA,NA,NA,NA,NA,NA,NA,NA,NA,NA,NA,NA,NA,NA
Park J.,2020,Is inhibition involved in the processing of opaque compound words?: A study of individual differences,Mental Lexicon,https://doi.org/10.1075/ml.19011.par,Park_2020_Is_inhibition_involved.pdf,Both (Scopus + NotebookLM),TRUE,—,NA,10,Exp 1,—,"176 items (22 fully transparent compounds, 22 fully opaque compounds, 132 fillers) [i]","English [i, l]","English (Native speakers, implied) [l]",—,NA,NA,"Lexical decision task (processing fully opaque and fully transparent compound words) [i, j]",—,NA,NA,—,—,NA,—,NA,NA,—,—,"Standardized regression coefficients; Linear mixed-effect analyses (LME) [j, k, m]",—,—,—,—,—,—,"Inhibition score; Inhibition ratio [j, k]; General intelligence, creativity, spatial and verbal working memory (potential covarying factors discussed) [p]"
Park J.,2020,Is inhibition involved in the processing of opaque compound words?: A study of individual differences,Mental Lexicon,https://doi.org/10.1075/ml.19011.par,Park_2020_Is_inhibition_involved.pdf,Both (Scopus + NotebookLM),TRUE,—,NA,10,Exp 2,"43 (46 recruited, 3 removed) [l]",—,English [l],English (Native speakers) [l],—,NA,NA,Lexical decision and inhibition task (processing partially opaque compound words) [o],—,NA,NA,"Participants’ inhibition skills were not related to their ability to process partially opaque compound words [o, k]","Inhibition score coefficient: -0.000 (z = -0.02, p = 0.981); Inhibition ratio z = -0.62, p = 0.53 [k]",NA,—,NA,NA,—,—,"Linear mixed-effect (LME) analyses [o, k]",—,—,—,—,—,—,"Inhibition score [o, k]; Inhibition ratio [o, k]"
Denis-Noël A.,2020,Activation time-course of phonological code in silent word recognition in adult readers with and without dyslexia,Annals of Dyslexia,https://doi.org/10.1007/s11881-020-00201-1,Denis-Noël_2020_Activation_time-course_of.pdf,Both (Scopus + NotebookLM),FALSE,NA,NA,8,Exp 1,60,120,French,French,NA,NA,NA,Lexical Decision Task (eye-tracking measures),"Vocabulary score (EVIP), Reading efficiency, Phonemic awareness, Verbal STM",NA,NA,"Subgroup analysis showed Sem- dyslexics had significantly lower vocabulary scores than Sem+ dyslexics (t = -2.714, p < 0.05)","Vocabulary difference between subgroups: t = -2.714, p < 0.05",NA,NA,NA,NA,NA,NA,"Linear Mixed Effects Models (LME), Generalized LME (gLME), Paired student t tests",Not mentioned (Notes concern about statistical power),NA,NA,NA,NA,NA,"Non-verbal IQ (Raven’s Matrices), Dyslexia diagnosis (Group)"
Goh W.D.,2020,"The Auditory English Lexicon Project: A multi-talker, multi-region psycholinguistic database of 10,170 spoken words and nonwords",Behavior Research Methods,https://doi.org/10.3758/s13428-020-01352-0,Goh_2020_The_Auditory_English.pdf,Both (Scopus + NotebookLM),FALSE,NA,NA,5,ALD Megastudy,438,"10,170 words + nonwords compiled",English,English,NA,NA,NA,Auditory Lexical Decision Task (ALD).,Vocabulary score (60-item subset). Spelling score. Ghent vocabulary score.,NA,NA,NA,NA,NA,NA,NA,NA,NA,NA,LMM. ANOVA. Item-level regression analyses. PCA.,NA,NA,NA,NA,NA,NA,"Gender, Age, Handedness."
Mor B.,2020,Individual differences in L2 frequency effects in different script bilinguals,International Journal of Bilingualism,https://doi.org/10.1177/1367006919876356,Mor_2020_Individual_differences_in.pdf,Both (Scopus + NotebookLM),TRUE,"Does not feature an individual difference measure related to imagery/perceptual/motor experience, focusing on L1/L2 vocabulary, exposure, and visual statistical learning (VSL).",NA,0,NA,69 Hebrew–English bilingual adults,120 (60 words + 60 non-words) per language,Hebrew (L1) and English (L2),Hebrew,English,NA,NA,Lexical decision task,"L2 vocabulary knowledge, L2 self-reported exposure, L1 vocabulary knowledge, L1 frequency slope",NA,NA,"Only vocabulary knowledge in the second language was a significant predictor of frequency effects in the second language. L2 vocabulary knowledge significantly predicted frequency effects, whereas self-reported exposure did not.","L2 vocabulary x Word frequency: 3.0909, t=2.549, p < 0.01.",NA,NA,NA,NA,NA,NA,Visual statistical learning (VSL) performance (domain-general cognitive variable).,Linear mixed-effects models (LME).,"Reference to maximal random effect structure (Barr et al., 2013)",NA,NA,NA,NA,NA
Ventura P.,2020,Holistic word processing is correlated with efficiency in visual word recognition,Attention Perception and Psychophysics,https://doi.org/10.3758/s13414-020-01988-2,Ventura_2020_Holistic_word_processing.pdf,Both (Scopus + NotebookLM),TRUE,—,NA,8,Single experiment,76 students (10 excluded due to high error rates) [iiiiiiiii],300 total items (150 words and 150 pseudowords in LDT) [jjjjjjjjj],European-Portuguese (EP) [kkkkkkkkk],European-Portuguese (Implied) [iiiiiiiii],—,NA,NA,Lexical decision task (LDT) [llllllllll],"Word-frequency effect (WFE) size (proxy for reading efficiency) [mmmmmmmmmm, nnnnnnnnnn]",NA,NA,Skilled readers (small WFE) showed larger word-composite effects; WFE and word-composite effect were negatively correlated [nnnnnnnnnn].,—,NA,Holistic processing (Word-composite effect size) [nnnnnnnnnn],NA,NA,—,Holistic processing/perceptual skill (Word-composite effect size) [nnnnnnnnnn],G*Power (Version 3.1) [kkkkkkkkk],0.91 (to detect correlation of .366) [kkkkkkkkk],—,—,—,—,NA,"ANOVA; Correlation analysis [kkkkkkkkk, oooooooooo]"
Troyer M.,2020,Harry Potter and the Chamber of What?: the impact of what individuals know on word processing during reading,Language Cognition and Neuroscience,https://doi.org/10.1080/23273798.2018.1503309,Troyer_2020_Harry_Potter_and.pdf,Both (Scopus + NotebookLM),TRUE,—,NA,7,Single experiment,40 participants [tttttttt],"214 experimental sentences (106 HP, 108 Control) [uuuuuuuu]",English (Implied) [vvvvvvvv],—,—,NA,NA,"Sentence processing (semantic integration indexed by N400) [ssssssss, wwwwwwww]","Vocabulary (PPVT score); Sentence Span (WM); Reading Experience/General Knowledge factors [xxxxxxxx, yyyyyyyy]",NA,NA,PPVT score correlated significantly with General Knowledge (r=0.67) and Reading Experience (r=0.47) [zzzzzzzz].,PPVT correlation (GKQ): r = 0.67; PPVT correlation (Reading Experience): r = 0.47 [zzzzzzzz],NA,—,NA,NA,—,—,Whole-head ANOVA; Hierarchical Mixed-Effects Linear Regression Models (LME) [wwwwwwww],—,—,—,—,—,NA,HP Knowledge Quiz score (domain knowledge); ART/MRT (speed measures); General Knowledge (GKQ) [yyyyyyyy]
Dujardin E.,2020,"Effects of deletion neighbourhood frequency and individual differences in lexical decision, progressive demasking, and naming",Canadian Journal of Experimental Psychology,https://doi.org/10.1037/cep0000193,Dujardin_2020_Effects_of_deletion.pdf,Both (Scopus + NotebookLM),FALSE,NA,NA,6,Exp 2 (Progressive demasking),92,120 experimental words,French,French native speakers,NA,NA,NA,Progressive demasking task,"Composite score of lexical skills (Dictation RTs/scores, Reading speed/accuracy scores, Vocabulary scores)",NA,NA,Higher composite scores of lexical skills were associated with lower error rates corresponding to deletion neighbour. Lexical skills were related with word RTs and accuracy.,"χ²(1) = 4.64, p = .031 (for main effect on error rates); b = -0.905, SE = 0.419",NA,NA,NA,NA,NA,NA,GLMM analysis,NA,NA,NA,NA,NA,NA,NA
Dujardin E.,2020,"Effects of deletion neighbourhood frequency and individual differences in lexical decision, progressive demasking, and naming",Canadian Journal of Experimental Psychology,https://doi.org/10.1037/cep0000193,Dujardin_2020_Effects_of_deletion.pdf,Both (Scopus + NotebookLM),FALSE,NA,NA,6,Exp 3 (Naming task),90,120 experimental words,French,French native speakers,NA,NA,NA,Naming task,"Composite score of lexical skills (Dictation RTs/scores, Reading speed/accuracy scores, Vocabulary scores)",NA,NA,Individual differences in lexical skills influenced the inhibitory effect of deletion neighborhood frequency during the naming task. Higher lexical skills related to less error rates.,NA,NA,NA,NA,NA,NA,NA,Standardized scores transformed into average composite score,NA,NA,NA,NA,NA,NA,NA
Guan C.Q.,2020,Cross-Linguistic Word Recognition Development Among Chinese Children: A Multilevel Linear Mixed-Effects Modeling Approach,Frontiers in Psychology,https://doi.org/10.3389/fpsyg.2020.00544,Guan_2020_Cross-Linguistic_Word_Recognition.pdf,Both (Scopus + NotebookLM),FALSE,NA,NA,6,LDT,NA,NA,English (LDT),Chinese and English bilingual children,Chinese and English,NA,NA,Lexical Decision Task (LDT) in English.,Phonological awareness (PA). Orthographic awareness (OA).,NA,NA,Frequency interacted with phonological awareness (p < 0.001) and orthographic awareness (p = 0.02) in predicting LDT RT.,"Frequency x PA: Estimate -0.27, p < 0.001. Frequency x OA: Estimate 2.26, p = 0.02.",NA,NA,NA,NA,NA,NA,Linear mixed-effects model (LMM).,NA,NA,NA,NA,NA,NA,Student grade level.
Lim R.Y.H.,2020,Individual differences in Cantonese Chinese word recognition: Insights from the Chinese Lexicon Project,Quarterly Journal of Experimental Psychology,https://doi.org/10.1177/1747021820906566,Lim_2020_Individual_differences_in.pdf,Both (Scopus + NotebookLM),TRUE,"Does not feature an individual difference measure related to imagery/perceptual/motor experience, focusing on language proficiency, academic ability, and lexical fluency.",NA,0,NA,594,"Approx 2,808 stimuli (1,404 words + 1,404 nonwords) over three sessions per participant",Chinese (Cantonese),Native Cantonese-speaking students,NA,NA,NA,Lexical decision task,"Self-rated language proficiency (PC1: knowledge of characters/spoken Cantonese), academic ability (PC2: GPA, entrance score, print exposure), lexical processing fluency (composite RT/accuracy z-score)",NA,NA,More fluent readers showed larger effects of word frequency and semantic transparency.,"Word Frequency × Fluency: χ2(1)=14.77, p<.001 (based on zRT). Semantic Transparency × Fluency: χ2(1)=8.28, p<.01 (based on zRT).",NA,NA,NA,NA,NA,NA,Linear mixed effects models. Hierarchical analytical approach.,Reference to limiting usability of RT measures,NA,NA,NA,NA,NA,"Word frequency, semantic transparency, character frequency, stroke count, homophone density, phonological consistency (stimuli factors)."
García-Castro V.,2020,The effects of vocabulary knowledge in L2 semantic lexical engagement: The case of adult learners of English as a second language,Indonesian Journal of Applied Linguistics,https://doi.org/10.17509/IJAL.V10I1.25068,García-Castro_2020_The_effects_of.pdf,Both (Scopus + NotebookLM),FALSE,NA,NA,6,Semantic Priming Study,56 (28 Spanish L2 learners + 28 English L1 controls),NA,English,Spanish and English,English (for learners),NA,NA,Semantic priming/Lexical Decision Task.,Vocabulary knowledge (online vocabulary size test scores). L1 Group (Spanish/English).,NA,NA,"A main effect of vocabulary size was observed, with RTs significantly related to vocabulary size.","β = -0.4418, SE = 0.02129, t = -2.075, p < 0.05.",NA,NA,NA,NA,NA,NA,Linear mixed-effects model (LMEM).,NA,NA,NA,NA,NA,NA,Recall score (from offline configuration task).
Hintz F.,2020,Shared Lexical Access Processes in Speaking and Listening? An Individual Differences Study,Journal of Experimental Psychology Learning Memory and Cognition,https://doi.org/10.1037/xlm0000768,Hintz_2020_Shared_Lexical_Access.pdf,Both (Scopus + NotebookLM),FALSE,NA,NA,8,Auditory Lexical Decision (ALD),NA,NA,NA,NA,NA,NA,NA,Auditory Lexical Decision (ALD).,Vocabulary size (PPVT score).,NA,NA,PPVT (vocabulary size) did not significantly affect model fit for word responses.,NA,NA,NA,NA,NA,NA,NA,Linear mixed effects model (LMEM). Factor analysis.,NA,NA,NA,NA,NA,NA,Processing Speed Factor (PS-Fac). Nonverbal intelligence (APM).
Spätgens T.,2019,Individual differences in reading comprehension in monolingual and bilingual children: The influence of semantic priming during sentence reading,Learning and Individual Differences,https://doi.org/10.1016/j.lindif.2019.101777,Spätgens_2019_Individual_differences_in.pdf,Both (Scopus + NotebookLM),TRUE,—,NA,10,Single experiment,"137 children (61 monolingual, 76 bilingual) [jjjjjjj]","73 items (56 test sentences, 17 dummies) [kkkkkkk]","Dutch [iiiiiii, lllllll]",Dutch (Monolingual) or other L1 (Bilingual) [jjjjjjj],Dutch [iiiiiii],NA,NA,Semantic priming measured via single sentence self-paced reading task; Reading comprehension scores [lllllll],"Vocabulary size; Context-independent semantic knowledge; Word decoding speed; Non-associated priming score (S1/S2 positions) [lllllll, mmmmmmm]",NA,NA,Vocabulary size and Context-independent semantic knowledge were significant predictors of reading comprehension [mmmmmmm].,"Vocabulary size Estimate: 0.33 (t = 3.7, p < .001); Context-independent semantic knowledge Estimate: 0.28 (t = 3.3, p = .001) [mmmmmmm]",NA,—,NA,NA,—,—,Linear Mixed Effects (LME) models [ooooooo],—,—,—,—,—,NA,Language Group (Monolingual vs Bilingual) [nnnnnnn]
Chen Q.,2019,Brain hemispheric involvement in visuospatial and verbal divergent thinking,Neuroimage,https://doi.org/10.1016/j.neuroimage.2019.116065,Chen_2019_Brain_hemispheric_involvement.pdf,Both (Scopus + NotebookLM),FALSE,NA,NA,4,Exp 1,502,NA,Mandarin Chinese,Mandarin Chinese,NA,NA,NA,Verbal Divergent Thinking (VDT) task,NA,NA,NA,NA,NA,NA,Visuospatial Divergent Thinking (VSDT),NA,NA,Neural lateralization indices were used to predict VSDT and VDT scores (specific results not detailed),NA,"Relevance Vector Regression (RVR), Pearson correlation, Factor Analysis",NA,NA,NA,NA,NA,NA,"Brain hemispheric involvement/lateralization indices (AI, segregation, integration)"
Lee H.,2019,Development and assessment of the Korean Author Recognition Test,Quarterly Journal of Experimental Psychology,https://doi.org/10.1177/1747021818814461,Lee_2019_Development_and_assessment.pdf,Both (Scopus + NotebookLM),TRUE,"Does not feature an individual difference measure related to imagery/perceptual/motor experience, focusing on print exposure (KART) and vocabulary.",NA,0,NA,104 (105 recruited),"120 Korean words and 120 nonwords (Inferred, 240 stimuli total based on LDT structure discussed in subsequent replication)",Korean,Korean,NA,NA,NA,Lexical decision task (LDT),"Korean Author Recognition Test (KART), subjective familiarity ratings",NA,NA,NA,NA,NA,NA,NA,NA,NA,NA,NA,NA,NA,NA,NA,NA,NA,NA
Yates M.,2019,Individual differences in spelling ability influence phonological processing during visual word recognition,Cognition,https://doi.org/10.1016/j.cognition.2019.02.015,Yates_2019_Individual_differences_in.pdf,Both (Scopus + NotebookLM),FALSE,NA,NA,8,Exp 1,51,184,English,English,NA,NA,NA,Lexical decision task (LDT),Vocabulary (Shipley score); Spelling production (Levenshtein accuracy); Reading comprehension; Reading speed,NA,NA,Vocabulary (semantic quality) did not have a significant main effect on inverse RT; Spread $\times$ PC2 (Orthographic Quality) interaction found,Vocabulary interaction with Spread: $t = 1.24$ (ns),NA,NA,NA,NA,NA,NA,Linear Mixed Effects Model (LMM); Principal Components Analysis (PC analysis),(Criterion set to recruit $\ge$ 50 participants),NA,NA,NA,NA,NA,"Orthographic Quality (PC1, PC2 from spelling measures); Inverse previous RT"
Wagner A.E.,2019,Individual Variations in Effort: Assessing Pupillometry for the Hearing Impaired,Trends in Hearing,https://doi.org/10.1177/2331216519845596,Wagner_2019_Individual_Variations_in.pdf,Both (Scopus + NotebookLM),TRUE,—,NA,6,Single experiment,"29 (15 CI users, 14 NH controls) [qqqqqqqqq]","100 items (50 Dutch words, 50 nonwords) [rrrrrrrrr]","Dutch [qqqqqqqqq, rrrrrrrrr]",Dutch (Native speakers) [qqqqqqqqq],—,NA,NA,Auditory lexical decision task [ppppppppp],—,NA,NA,—,—,NA,—,NA,NA,—,—,Linear Mixed Effects (LME) models [tttttttt],—,—,—,—,—,—,"Hearing Status (CI vs NH Group); Processing Effort (Pupil size/ERPD); State of Control (Tonic changes to pupil baseline) [qqqqqqqqq, sssssssss]"
Schauenburg G.,2019,Making sense of social interaction: Emotional coherence drives semantic integration as assessed by event-related potentials,Neuropsychologia,https://doi.org/10.1016/j.neuropsychologia.2019.01.002,Schauenburg_2019_Making_sense_of.pdf,Both (Scopus + NotebookLM),TRUE,—,NA,6,Single experiment,"38 subjects (49 initially, 11 excluded) [hhhhh]","318 simple sentences [iiiii, jjjjj]",German [hhhhh],German (Native speakers) [hhhhh],—,NA,NA,Silent sentence reading (meaning making/implicit semantic processing via EEG/ERPs) [kkkkk],—,NA,NA,—,—,NA,—,NA,NA,—,—,ANOVA (Whole-head); ERP component analysis [nnnnn],—,—,—,—,—,—,"Schizotypy Personality Questionnaire (SPQ total score, factors F1/F2); Big Five personality traits (NEO Five Factor Inventory: N, E, O, A, C) [lllll, mmmmm]"
Friesen D.C.,2018,Cross-language associative priming is influenced by language proficiency and executive control,Canadian Journal of Experimental Psychology,https://doi.org/10.1037/cep0000155,Friesen_2018_Cross-language_associative_priming.pdf,Scopus only,TRUE,NA,X,NA,NA,NA,NA,NA,NA,NA,NA,NA,NA,NA,NA,NA,NA,NA,NA,NA,NA,NA,NA,NA,NA,NA,NA,NA,NA,NA,NA,NA
Mineroff Z.,2018,"A robust dissociation among the language, multiple demand, and default mode networks: Evidence from inter-region correlations in effect size",Neuropsychologia,https://doi.org/10.1016/j.neuropsychologia.2018.09.011,Mineroff_2018_A_robust_dissociation.pdf,Both (Scopus + NotebookLM),TRUE,Investigates correlation of fMRI effect sizes between brain networks across individuals. No behavioral language experience or imagery/perceptual/motor individual difference measure is tested in relation to semantic/lexical task performance.,NA,0,NA,60,N/A (fMRI tasks used),English,Native speakers of English,NA,NA,NA,N/A (Language Localizer contrast: sentences > nonword lists),NA,NA,NA,NA,NA,NA,NA,NA,NA,NA,NA,NA,Inter-region correlations in effect size. Cross-validation procedure. ANOVA.,NA,NA,NA,NA,NA,NA
Pluck G.,2018,Lexical reading ability predicts academic achievement at university level,Cognition Brain Behavior an Interdisciplinary Journal,https://doi.org/10.24193/cbb.2018.22.12,Pluck_2018_Lexical_reading_ability.pdf,Both (Scopus + NotebookLM),TRUE,Citation list only [pp],NA,0,—,—,—,—,—,—,NA,NA,—,—,NA,NA,—,—,NA,—,NA,NA,—,—,—,—,—,—,—,—,—,—
Pexman P.M.,2018,Individual differences in semantic processing: Insights from the Calgary Semantic Decision Project,Journal of Experimental Psychology Learning Memory and Cognition,https://doi.org/10.1037/xlm0000499,Pexman_2018_Individual_differences_in.pdf,Scopus only,TRUE,NA,X,NA,NA,NA,NA,NA,NA,NA,NA,NA,NA,NA,NA,NA,NA,NA,NA,NA,NA,NA,NA,NA,NA,NA,NA,NA,NA,NA,NA,NA
Sagarra N.,2018,Benefits of study abroad and working memory on L2 morphosyntactic processing,Routledge Handbook of Study Abroad Research and Practice,https://doi.org/NA,Sagarra_2018_Benefits_of_study.pdf,Both (Scopus + NotebookLM),TRUE,—,NA,7,Single experiment,47 (Based on WM comparison t(45)) [pppp],"140 experimental sentences (146 total, 6 practice excluded) [qqqq]",Spanish [qqqq],—,Spanish (L2) [rrrr],NA,NA,"Eye-tracking task on sentence reading (controlling for semantic familiarity of target words/nouns) [qqqq, rrrr]","Years learning Spanish; L2 proficiency (DELE exam, self-ratings); L2 interaction quality/quantity (Language Contact Profile) [rrrr]",NA,NA,"Groups were homogeneous in WM, vocabulary, grammar, and L2 proficiency [pppp, ssss].",—,NA,—,NA,NA,—,—,"Independent-samples t-tests; Generalised Linear Mixed Models (GLMMs) [ssss, uuuu]",—,—,—,—,—,NA,"Working Memory (WM) test (Reading Span Test) [oooo, tttt]"
Cacciari C.,2018,Cognitive and personality components underlying spoken idiom comprehension in context. An exploratory study,Frontiers in Psychology,https://doi.org/10.3389/fpsyg.2018.00659,Cacciari_2018_Cognitive_and_personality.pdf,Both (Scopus + NotebookLM),FALSE,NA,NA,9,Exp 1,64,NA,Italian,Italian,NA,NA,NA,Cross-Modal Lexical Decision Experiment (CMLDT - idiom comprehension),"Vocabulary (test score, crystallized verbal intelligence)",NA,NA,Vocabulary significantly predicted RT to idiomatic targets of predictable idioms (faster RT for higher scores),"Vocabulary effect: β = −0.273, t(61) = −2.369, p = 0.021 (Block 3 ΔR2 = 0.066)",NA,NA,NA,NA,NA,NA,"Pearson correlations, Hierarchical Regression analyses",NA,NA,NA,NA,NA,NA,"Working Memory (Listening Span), Inhibitory Control, Fluid Intelligence (RPM), Verbal Fluency, Personality (STAI-Y, BFO: Openness, Agreeableness, Anxiety)"
Cox G.E.,2018,"Information and processes underlying semantic and episodic memory across tasks, items, and individuals",Journal of Experimental Psychology General,https://doi.org/10.1037/xge0000407,Cox_2018_Information_and_processes.pdf,Both (Scopus + NotebookLM),FALSE,NA,NA,7,Exp 1,453,300 per participant (for tested tasks),English,English (implied),NA,NA,NA,Lexical Decision (LD),Lexical Evidence factor (Individual Evidence Factor 3 derived from modeling LD parameters),NA,NA,Explored inter-individual correlations where Lexical Evidence was identified as a distinct latent factor influencing performance across tasks including LD,Factor loading values ranging from approx. -0.2 to 0.7,NA,Concreteness (stimulus attribute/control factor),NA,NA,NA,NA,"Hierarchical Bayesian Model (HBM), Principal Component Analysis (PCA), Kendall’s tau rank correlations",NA,NA,NA,NA,NA,NA,"Multiple individual performance parameters (drift rates, boundary separations, etc.) across 5 tasks (SR, AR, CR, FR, LD)"
Schmidtke D.,2018,Individual variability in the semantic processing of english compound words,Journal of Experimental Psychology Learning Memory and Cognition,https://doi.org/10.1037/xlm0000442,Schmidtke_2018_Individual_variability_in.pdf,Both (Scopus + NotebookLM),TRUE,—,NA,10,Single experiment,"153 subjects (Eye movement data combined/re-analyzed) [uuuuu, vvvvv]","5724 trials (for GZD, GPT, RegP, TVT measures) [wwwww]; 455 unique English compounds used [xxxxx]",English [xxxxx],—,—,NA,NA,"Eye-tracking (reading compound words in sentences) indexing semantic transparency effects [ttttt, yyyyy, zzzzz]","Print Exposure (PE); Vocabulary size (PPVT); Word recognition skill (TOWRE Sight Word Efficiency/SWE) [ttttt, zzzzz, aaaaaa]",NA,NA,Interaction of Print Exposure with Head-Compound Semantic Transparency Rating found on regression-in probability and total viewing time [bbbbbb],—,NA,—,NA,NA,—,—,—,—,—,—,—,—,NA,Linear Mixed Effects (LME) models [zzzz]
Spätgens T.,2018,"The semantic network, lexical access, and reading comprehension in monolingual and bilingual children: An individual differences study",Applied Psycholinguistics,https://doi.org/10.1017/S0142716417000224,"Spätgens_2018_The_semantic_network,.pdf",Both (Scopus + NotebookLM),TRUE,—,NA,10,Priming Experiment,"122 children (36 monolingual, 86 bilingual) [ddddddd, eeeeeee]",212 total items (including fillers) [fffffff],"Dutch [ccccccc, eeeeeee]",Dutch (Monolingual) or other L1 (Bilingual) [eeeeeee],Dutch (Implied L2 for bilinguals) [ddddddd],NA,NA,"Semantic priming (auditory animacy decision task); Reading comprehension task [ccccccc, ggggggg]","Vocabulary size; Language group (Monolingual vs Bilingual); Context-independent priming score [ccccccc, hhhhhhh]",NA,NA,"Vocabulary size significantly contributed to reading scores; Neither context-independent priming nor lexical access predicted reading comprehension [ccccccc, hhhhhhh].",Vocabulary size Estimate: 0.368 (t = 5.4) [hhhhhh],NA,—,NA,NA,—,—,"Mixed-effects modeling (LME) [ccccccc, hhhhhhh]",—,—,—,—,—,NA,"Decoding skill; Cognitive processing speed (RAN/RAS/Access) [ccccccc, ggggggg, hhhhhhh]"
Tanner D.,2018,Individual Differences in the Real-Time Neural Dynamics of Language Comprehension,Psychology of Learning and Motivation Advances in Research and Theory,https://doi.org/10.1016/bs.plm.2018.08.007,Tanner_2018_Individual_Differences_in.pdf,Scopus only,TRUE,Not an experimental study,NA,NA,NA,NA,NA,NA,NA,NA,NA,NA,NA,NA,NA,NA,NA,NA,NA,NA,NA,NA,NA,NA,NA,NA,NA,NA,NA,NA,NA,NA
Davies R.A.I.,2017,Reading through the life span: Individual differences in psycholinguistic effects,Journal of Experimental Psychology Learning Memory and Cognition,https://doi.org/10.1037/xlm0000366,Davies_2017_Reading_through_the.pdf,Both (Scopus + NotebookLM),FALSE,NA,NA,9,Exp 1,535,NA,English,English,NA,NA,NA,"Lexical Decision Task (LDT), Word Naming Task (Pronunciation)","Reading skill (TOWRE word/nonword skill measures), Phonological awareness (Spoonerisms)",NA,NA,"Reading skill significantly predicted RT in both tasks (e.g., LDT: t=-4.24, p<.001). Reading skill interacted with AoA (LDT: t=3.13, p=.002) and Frequency (Naming: t=2.81, p=.005)","Reading Skill x AoA (LDT): t=3.13, p=.002. Reading Skill x Frequency (Naming): t=2.81, p=.005",NA,Rated imageability (stimulus attribute/control factor),NA,NA,"Rated imageability significantly predicted RT in both LDT (t=-3.63, p<.001) and Naming (t=-2.24, p=.025)","Imageability effect in LDT: Estimate -0.007, t = -3.63, p < .001","Linear Mixed-Effects (LME) models, By-items multiple regression analyses, EZ-diffusion function",NA,NA,NA,NA,NA,NA,"Age, Trial Order, Phonetic characteristics of word initials"
Mainz N.,2017,Vocabulary knowledge predicts lexical processing: Evidence from a group of participants with diverse educational backgrounds,Frontiers in Psychology,https://doi.org/10.3389/fpsyg.2017.01164,Mainz_2017_Vocabulary_knowledge_predicts.pdf,Both (Scopus + NotebookLM),TRUE,"Does not feature an individual difference measure related to imagery/perceptual/motor experience, focusing on vocabulary knowledge.",NA,0,Exp 1 (University Students),75,180 (90 words and 90 nonwords),Dutch,Dutch,NA,NA,NA,Lexical decision task,Vocabulary tests.,NA,NA,Vocabulary and word frequency were found to predict word recognition speed. Increased accuracy and faster responses were associated with higher vocabulary scores.,R2 ranged from 0.45 to 0.46 for LME models predicting lexical decision performance.,NA,NA,NA,NA,NA,NA,"Age, fluency in other languages (English, German, French, Chinese, Spanish).",Bivariate correlation analyses. Principal Component Analysis (PCA). Regression analyses (LME models).,NA,NA,NA,NA,NA,NA
Mainz N.,2017,Vocabulary knowledge predicts lexical processing: Evidence from a group of participants with diverse educational backgrounds,Frontiers in Psychology,https://doi.org/10.3389/fpsyg.2017.01164,Mainz_2017_Vocabulary_knowledge_predicts.pdf,Both (Scopus + NotebookLM),TRUE,"Does not feature an individual difference measure related to imagery/perceptual/motor experience, focusing on vocabulary knowledge.",NA,0,Exp 2 (Vocational College Students),174 (N=57 excluded),180 (90 words and 90 nonwords),Dutch,Dutch,NA,NA,NA,Lexical decision task,Vocabulary tests.,NA,NA,Vocabulary size did not show a main effect on lexical decision RTs. The interaction between word frequency and vocabulary score was significant.,Conditional R2 was 0.27 for all models.,NA,NA,NA,NA,NA,NA,"Age, fluency in other languages (English, German, Papiamento, Polish, Russian, Croatian, Turkish).",Linear mixed-effects modeling.,NA,NA,NA,NA,NA,NA
Sotiropoulos A.,2017,Lexical decision performance in developmental surface dysgraphia: Evidence for a unitary orthographic system that is used in both reading and spelling,Cognitive Neuropsychology,https://doi.org/10.1080/02643294.2017.1368468,Sotiropoulos_2017_Lexical_decision_performance.pdf,Both (Scopus + NotebookLM),TRUE,—,NA,7,Exp 2,"25 (7 dysgraphics/dyslexics, 18 controls) [zzzzzz]",—,English [aaaaaaa],—,—,NA,NA,Semantic decision task [aaaaaaa],Reading group status (Dysgraphics/Dyslexics vs. Controls); Time spent/exposure to English [zzzzzz],NA,NA,Dyslexics/dysgraphics showed poor semantic decision accuracy and significantly slowed latencies relative to controls [bbbbbbb],"T.T.: t = -2.99, p < .01 (accuracy); t = 6.14, p < .001 (latency) [bbbbbbb]",NA,—,NA,NA,—,—,"Significance test (Crawford & Howell, 1998) [bbbbbbb]",—,—,—,—,—,NA,—
Andrews S.,2017,Individual differences in automatic semantic priming,Journal of Experimental Psychology Human Perception and Performance,https://doi.org/10.1037/xhp0000372,Andrews_2017_Individual_differences_in.pdf,Both (Scopus + NotebookLM),FALSE,NA,NA,6,Exp 1,NA,NA,NA,NA,NA,NA,NA,"Semantic Categorization (inferred from reference to Quinn & Kinoshita, 2008)","PC1/PC2 scores (derived from PCA of language proficiency measures), composite ZSpell and ZTotal scores",NA,NA,"ZTotal inversely related to exemplar target processing (t = -3.04, p < 0.01) and non-exemplar target processing (t = -3.21, p < 0.01)",ZTotal effect on exemplar targets: t = -3.04,NA,NA,NA,NA,NA,NA,Linear Mixed-Effects Models (LME),NA,NA,NA,NA,NA,NA,NA
Litcofsky K.A.,2016,"Effects of language experience, use, and cognitive functioning on bilingual word production and comprehension",International Journal of Bilingualism,https://doi.org/10.1177/1367006915579737,Litcofsky_2016_Effects_of_language.pdf,Both (Scopus + NotebookLM),TRUE,"Does not feature an individual difference measure related to imagery/perceptual/motor experience, focusing on language experience and cognitive factors (working memory, inhibitory control).",NA,0,NA,42 Spanish-English bilinguals,N/A (BNT uses 60 images + practice items),Spanish and English,Spanish,English,NA,NA,"Picture naming task (BNT), Lexical decision task (LDT)","Age of L2 acquisition (AoA), number of months in L2 environment (NumMonthsL2), self-rated proficiency, percent L2 use, codeswitching behavior",NA,NA,Better L1 comprehension was predicted by fewer months spent in an L2 environment. Better L2 comprehension was predicted by better working memory (WMC).,"L1 Comp: NumMonthsL2 (β = –.580, p < .001). L2 Comp: Ospan (β = .486, p < .01).",NA,NA,NA,NA,NA,NA,Multiple regression analyses. Correlational analyses.,NA,NA,NA,NA,NA,NA,"Working Memory (Operation Span, Ospan), Inhibitory Control (Flanker task)."
Woollams A.,2016,Do you read how i read? Systematic individual differences in semantic reliance amongst normal readers,Frontiers in Psychology,https://doi.org/10.3389/fpsyg.2016.01757,Woollams_2016_Do_you_read.pdf,Both (Scopus + NotebookLM),FALSE,NA,NA,10,Exp 1,32,240 (Semantic/Lexical),British English,British English,NA,NA,NA,Reading aloud (imageability manipulation and semantic priming manipulation),Semantic Reliance (SR) index,NA,NA,High SR readers showed a larger effect of imageability and semantic priming for inconsistent words,"Consistency by Group interaction on RT: $F(1, 30) = 21.93$, $p < 0.0005$; Imageability by Group interaction in errors: $F(1, 30) = 53.17$, $p = 0.017$",NA,Imageability ratings (as stimulus property),NA,NA,High SR readers showed a larger imageability effect for inconsistent words,"Imageability by Group interaction in errors: $F(1, 30) = 53.17$, $p = 0.017$",ANOVA (2x2x2); t-tests,NA,NA,NA,NA,NA,NA,NA
Woollams A.,2016,Do you read how i read? Systematic individual differences in semantic reliance amongst normal readers,Frontiers in Psychology,https://doi.org/10.3389/fpsyg.2016.01757,Woollams_2016_Do_you_read.pdf,Both (Scopus + NotebookLM),FALSE,NA,NA,10,Exp 2,129,220 (Semantic/Lexical),British English,British English,NA,NA,NA,Reading aloud (Imageability manipulation); Synonym Judgment; Category Fluency,Semantic Reliance (SR) index; Synonym judgment accuracy/RT; Semantic fluency score; Rhyme fluency score,NA,NA,SR index associated with larger imageability effects in inconsistent words; SR index did not predict semantic fluency score,"SR index interaction with Imageability $\times$ Consistency for RT: $\beta = 0.536$, $t(128) = 7.16$, $p < 0.0005$; Regression of Semantic Fluency on SR index: $B = -0.107$, $t(128) = -1.21$, $p = 0.225$",NA,NA,NA,NA,NA,NA,Regression analysis; ANOVA,NA,NA,NA,NA,NA,NA,NA
Medeiros J.,2016,Not everybody sees the ness in the darkness: Individual differences in masked suffix priming,Frontiers in Psychology,https://doi.org/10.3389/fpsyg.2016.01585,Medeiros_2016_Not_everybody_sees.pdf,Both (Scopus + NotebookLM),TRUE,"Does not feature an individual difference measure related to imagery/perceptual/motor experience, focusing on reading speed/reader profile.",NA,0,NA,130 native Spanish speakers,"1000 (500 suffixed words, 500 pseudowords for priming LDT)",Spanish,Native Spanish speakers,NA,NA,NA,Masked suffix priming lexical decision experiment. Monomorphemic lexical decision test (for categorization).,Reading speed (categorized via median-split on monomorphemic LDT mean RT).,NA,NA,Suffix priming effect was significantly larger for the slower group than for the faster group (for which no such priming effect was found).,Correlation between LDT RT and net priming effect: r = 0.28 (Figure 2).,NA,NA,NA,NA,NA,NA,ANOVA. Generalized linear mixed-effect models (GLMM).,NA,NA,NA,NA,NA,NA,NA
Ortells J.J.,2016,Individual differences in working memory capacity modulates semantic negative priming from single prime words,Frontiers in Psychology,https://doi.org/10.3389/fpsyg.2016.01286,Ortells_2016_Individual_differences_in.pdf,Both (Scopus + NotebookLM),TRUE,"Does not feature an individual difference measure related to imagery/perceptual/motor experience, focusing on Working Memory Capacity (WMC).",NA,0,NA,"48 (24 low WMC, 24 high WMC)","144 experimental trials (96 word trials, 48 non-word trials)",Spanish (stimuli translated to English in figure),N/A (context implies Spanish L1),NA,NA,NA,Lexical decision task,NA,NA,NA,NA,NA,NA,NA,NA,NA,NA,NA,"Working Memory Capacity (WMC, assessed by complex span tasks like AOSPAN and attentional control tasks).",Analyses of variance (ANOVA).,NA,NA,NA,NA,NA,NA
Cohen-Shikora E.R.,2016,Visual word recognition across the adult lifespan,Psychology and Aging,https://doi.org/10.1037/pag0000100,Cohen-Shikora_2016_Visual_word_recognition.pdf,Both (Scopus + NotebookLM),FALSE,NA,NA,10,Exp 1,149,400 (for each task),English,English,NA,NA,NA,"Animacy Judgment Task (AJT - semantic task), Lexical Decision Task (LDT), Word Pronunciation Task (PRN)","Shipley Vocabulary test score, Reading per week",NA,NA,"Vocabulary strongly correlated with the Word Frequency Effect (WFE) in the AJT (r=.450, p<.001), indicating a larger WFE for higher vocabulary scores (better semantic knowledge)","Vocabulary correlation with AJT WFE: r = 0.450, p < 0.001",NA,Concreteness (stimulus attribute/control factor),NA,NA,NA,NA,"Correlation matrix, Partial correlations, Item-level Regression Analysis, Subject-level Correlations",NA,NA,NA,NA,NA,NA,"Age, Education, OSpan (Working Memory), Vision, Short Blessed Test"
Beyersmann E.,2016,Embedded Stem Priming Effects in Prefixed and Suffixed Pseudowords,Scientific Studies of Reading,https://doi.org/10.1080/10888438.2016.1140769,Beyersmann_2016_Embedded_Stem_Priming.pdf,Both (Scopus + NotebookLM),FALSE,NA,NA,6,Exp 1,NA,NA,French,NA,NA,NA,NA,Masked priming (lexical processing),Individual reading proficiency (mean RT across word and nonword trials),NA,NA,"Priming in the nonaffixed condition increased with increasing individual reading proficiency (t = 2.45, p < .014)","Primetype[nonaffixed: read prof] interaction: Estimate -2.42E-07, t = -2.45, p = .014",NA,NA,NA,NA,NA,NA,"Linear mixed-effects model (LME), Generalized LME for error analysis",NA,NA,NA,NA,NA,NA,"Chunk-frequency, Position (beginning/ending), Trial order"
Protopapas A.,2016,Short-term and long-term effects on visual word recognition,Journal of Experimental Psychology Learning Memory and Cognition,https://doi.org/10.1037/xlm0000191,Protopapas_2016_Short-term_and_long-term.pdf,Both (Scopus + NotebookLM),TRUE,—,NA,8,Exp 1,"129 (132 participants recruited initially) [rr, ss]","150 words and 150 pseudowords (Total 300 items) [rr, tt]","Greek [rr, uu]",Greek (Native speakers) [ww],—,NA,NA,"Lexical decision and naming [rr, vv]","Education (years of formal education) [ww, xx]",NA,NA,"The effect of Length was positive, indicating slower responses to longer words, and was more pronounced in participants with fewer years of education [yy, aaa].","Length x Education interaction coefficient: -2.11E-03 (t = -6.934, p < .001) [aaa]",NA,—,NA,NA,—,—,"Linear mixed-effect analyses (LME) [rr, zz]; ANOVA [ccc]","Based on the analysis of Rey et al. (2009), aiming to maximize the reliability of item variance [xx]",—,—,—,—,—,"Age, sex, handedness [zz]; Task order (short-term factor) [xx, aaa]; Task performance [bbb]"
Tan L.C.,2016,Are individual differences in masked repetition and semantic priming reliable?,Visual Cognition,https://doi.org/10.1080/13506285.2016.1214201,Tan_2016_Are_individual_differences.pdf,Both (Scopus + NotebookLM),TRUE,—,NA,10,Single experiment,240 undergraduates [llllllll],640 total experimental trials (4 phases x 160 trials) [mmmmmmmm],English [llllllll],English [llllllll],—,NA,NA,"Masked semantic priming (lexical decision task - LDT) [kkkkkkkk, nnnnnnnn]","Vocabulary Knowledge; Spelling Ability [kkkkkkkk, oooooooo]",NA,NA,Masked semantic priming effects were not related to either the vocabulary or spelling measure [pppppppp]. Masked repetition priming interacted significantly with vocabulary knowledge [pppppppp].,Prime Relatedness × Vocabulary Knowledge interaction coefficient (Repetition Priming): 0.265 (p = 0.037) [qqqqqqqq],NA,—,NA,NA,—,—,Repeated-measures ANOVA; Linear Mixed Effects (LME) models [rrrrrrrr],—,—,—,—,—,NA,—
Balass M.,2016,Semantic processes and individual differences detected through error-related negativities,Journal of Neurolinguistics,https://doi.org/10.1016/j.jneuroling.2015.08.002,Balass_2016_Semantic_processes_and.pdf,Both (Scopus + NotebookLM),FALSE,NA,NA,10,Exp 1,22,706,English,English,NA,NA,NA,Semantic Categorization Task,"Offline measures of comprehension and lexical skill, online performance measure (d-prime)",NA,NA,Examined relationship between mean amplitudes for four responses with offline measures of comprehension/lexical skill and d-prime (specific outcomes not detailed),NA,NA,NA,NA,NA,NA,NA,"Repeated measures ANOVA, Correlational analyses (Pearson's r)",NA,NA,NA,NA,NA,NA,None explicitly detailed in the excerpts
Yap M.J.,2016,Individual differences in semantic priming performance: Insights from the semantic priming project,Big Data in Cognitive Science,https://doi.org/10.4324/9781315413570,Yap_2016_Individual_differences_in.pdf,Both (Scopus + NotebookLM),FALSE,NA,NA,10,Exp 1,512,1661,English,English,NA,NA,NA,Lexical decision (LDT) (Semantic priming task),Vocabulary knowledge (WJ-III subtests); Reading comprehension (WJ-III subtest),NA,NA,Individuals with more reading ability associated with stronger semantic priming,"Reading comprehension predicting priming effect: Adj $R^2 = 0.03$, $p < 0.001$; Vocabulary knowledge predicting priming effect: Adj $R^2 = 0.01$, $p = 0.02$",NA,NA,NA,NA,NA,NA,Correlation analysis; Regression analysis,NA,NA,NA,NA,NA,NA,"Attentional control battery (Operational span, Stroop, Antisaccade task)"
Germano G.D.,2016,Investigation of the subtypes of developmental dyslexia in brazilian’s children,Dyslexia Perspectives Challenges and Treatment Options,https://doi.org/NA,Germano_2016_Investigation_of_the.pdf,Scopus only,TRUE,NA,X,NA,NA,NA,NA,NA,NA,NA,NA,NA,NA,NA,NA,NA,NA,NA,NA,NA,NA,NA,NA,NA,NA,NA,NA,NA,NA,NA,NA,NA
Beyersmann E.,2015,Effects of reading proficiency on embedded stem priming in primary school children,Journal of Experimental Child Psychology,https://doi.org/10.1016/j.jecp.2015.06.001,Beyersmann_2015_Effects_of_reading.pdf,Both (Scopus + NotebookLM),FALSE,NA,NA,5,Exp 1,NA,200 critical items,French,NA,NA,NA,NA,Masked primed lexical decision task,"Reading proficiency (RP), Spelling proficiency, Morphological awareness",NA,NA,"RP was a significant fixed effect (t=3.86, p<.001) influencing lexical decision times","RP effect on RT/Inverse RT: Estimate 3.67E-05, t=3.86, p<.001",NA,NA,NA,NA,NA,NA,Linear mixed-effects model (LME),NA,NA,NA,NA,NA,NA,"Grade, Ending frequency, Stem frequency, Trial order"
Arêas Da Luz Fontes A.B.,2015,Bilingual access of homonym meanings: Individual differences in bilingual access of homonym meanings,Bilingualism,https://doi.org/10.1017/S1366728914000509,Arêas_2015_Bilingual_access_of.pdf,Both (Scopus + NotebookLM),FALSE,NA,NA,8,Exp 1,71,400,English,Spanish,English,NA,NA,Primed lexical decision task,"LEAP-Q (subjective proficiency), objective proficiency (RTs on control conditions), measure of access to L1 subordinate meanings",NA,NA,Cognate status impact score and access to L1 subordinate meanings were significant predictors of error rates in identifying subordinate meanings of L2 homonyms,Cognate status impact score: β = .23 (p < .05 on error rates). Access to L1 subordinate meanings: β = .39 (p < .01 on error rates),NA,NA,NA,NA,NA,NA,"Repeated measures ANOVA, Multiple Regression analyses",NA,NA,NA,NA,NA,NA,Working Memory Capacity (WMC)
Arêas Da Luz Fontes A.B.,2015,Bilingual access of homonym meanings: Individual differences in bilingual access of homonym meanings,Bilingualism,https://doi.org/10.1017/S1366728914000509,Arêas_2015_Bilingual_access_of.pdf,Both (Scopus + NotebookLM),FALSE,NA,NA,9,Exp 2,79,140 sentences (L1 meaning access),Spanish and English,Spanish,English,NA,NA,Eye-tracking sentence processing task (meaning access in L1),"LEAP-Q (subjective proficiency), objective proficiency (total reading times on control trials), Meaning access in L1 (FFDs/GDs on Spanish homonym sentences)",NA,NA,"Investigated relationship between L1 meaning access and FFDs/GDs on English homonym targets (L2), specific outcomes not detailed in excerpts",NA,NA,NA,NA,NA,NA,NA,"Eye-tracking analysis (FFD, GD, TRT), ANOVA/Regression (implied)",NA,NA,NA,NA,NA,NA,Working memory measure (Spanish Reading Span task)
Beyersmann E.,2015,Language proficiency and morpho-orthographic segmentation,Psychonomic Bulletin and Review,https://doi.org/10.3758/s13423-014-0752-9,Beyersmann_2015_Language_proficiency_and.pdf,Both (Scopus + NotebookLM),FALSE,NA,NA,8,Exp 1,48,200 critical items,French,French,NA,NA,NA,Masked primed lexical decision task,"Vocabulary (VocabZ, WAIS-III subtest), LanguageProficiencyZ (composite score), SpellVocabDiffZ",NA,NA,"LanguageProficiencyZ interacted significantly with priming effects. Low proficiency group showed reduced priming for non-suffixed compared to suffixed conditions (t=3.43, p<.001)","Difference between suffixed word and non-suffixed priming (low proficiency): t=3.43, p<.001",NA,NA,NA,NA,NA,NA,Linear mixed-effect modelling (LME),NA,NA,NA,NA,NA,NA,"Suffix frequency, nonword neighborhood density, trial order"
Hoffman P.,2015,Triangulation of the neurocomputational architecture underpinning reading aloud,Proceedings of the National Academy of Sciences of the United States of America,https://doi.org/10.1073/pnas.1502032112,Hoffman_2015_Triangulation_of_the.pdf,Both (Scopus + NotebookLM),FALSE,NA,NA,6,Reading Aloud & fMRI,26,NA,English,Native English speakers,NA,NA,NA,Reading aloud (single words). Semantic Richness (SR) tested.,Behavioral measure of Semantic Richness (SR).,NA,NA,Participants with low SR did not activate the lateral ATL at all.,NA,NA,NA,NA,NA,NA,NA,ANOVA. Dynamic Causal Modeling (DCM).,NA,NA,NA,NA,NA,NA,NA
Yap M.J.,2015,Responding to nonwords in the lexical decision task: Insights from the english Lexicon project,Journal of Experimental Psychology Learning Memory and Cognition,https://doi.org/10.1037/xlm0000064,Yap_2015_Responding_to_nonwords.pdf,Both (Scopus + NotebookLM),FALSE,NA,NA,7,Exp 1,819,"(Approx 37,000 total nonwords across N=819 participants)",English,English,NA,NA,NA,Lexical Decision Task (LDT) (Nonword responses analysis),Vocabulary knowledge (Shipley score),NA,NA,"Higher vocabulary associated with less sensitivity to inhibitory effects of length/distance, but greater sensitivity to inhibitory effects of neighborhood size/base-word properties","Vocabulary correlation with Number of Letters effect: $r = -0.252$, $p < 0.001$; Vocabulary correlation with Avg. base-word frequency effect: $r = 0.380$, $p < 0.001$",NA,NA,NA,NA,NA,NA,Regression analyses; Correlation analysis; Diffusion model fitting,NA,NA,NA,NA,NA,NA,"RT distributional characteristics ($\mu, \sigma, \tau$); Diffusion model parameters ($a, v, Ter, z$)"
Goodhew S.,2015,Enhanced semantic priming in synesthetes independent of sensory binding,Consciousness and Cognition,https://doi.org/10.1016/j.concog.2015.02.019,Goodhew_2015_Enhanced_semantic_priming.pdf,Both (Scopus + NotebookLM),FALSE,NA,NA,5,LDT & SCT,"48 (26 controls, 22 synesthetes)",114 trials per block,English (Australian English),NA,NA,NA,NA,Semantic priming tasks: Lexical decision task (LDT) and Semantic categorization task (SCT).,NA,NA,NA,NA,NA,NA,NA,NA,NA,NA,NA,ANOVA implied.,NA,NA,NA,NA,NA,NA,Synesthesia.
Grey S.,2015,The role of individual differences in the study Abroad context: Cognitive capacity and language development during short-term intensive language exposure,Modern Language Journal,https://doi.org/10.1111/modl.12190,Grey_2015_The_role_of.pdf,Both (Scopus + NotebookLM),FALSE,NA,NA,6,LDT,26,160 items (80 words + 80 nonwords),Spanish (L2),NA,Spanish (L2),NA,NA,Lexical Decision Task (LDT).,NA,NA,NA,"N/A (Correlation results with cognitive capacity are largely null, but significant gain in RT demonstrated after exposure).","Overall RT decrease (gain) after 5 weeks: t(25) = 3.58, p = .001, d = 0.70.",NA,NA,NA,NA,NA,NA,Paired-samples t-tests. Correlation analyses.,NA,NA,NA,NA,NA,NA,Sentence Span Working Memory Task. L1/L2 Nonword Repetition Task (NWRT).
Herzig D.A.,2015,Hemispheric language asymmetry in first episode psychosis and schizotypy: The role of cannabis consumption and cognitive disorganization,Schizophrenia Bulletin,https://doi.org/10.1093/schbul/sbu179,Herzig_2015_Hemispheric_language_asymmetry.pdf,Both (Scopus + NotebookLM),FALSE,NA,NA,4,Lateralized LDT,119,NA,English,Fluent English speaking,NA,NA,NA,Lexical Decision Task (LDT).,NA,NA,NA,NA,NA,NA,NA,NA,NA,NA,NA,Partial Spearman’s rho correlations (controlling for age and handedness). t-tests.,NA,NA,NA,NA,NA,NA,"Cognitive Disorganization (CogDis score). Psychotic symptoms (PANSS). Age, Handedness."
Casaponsa A.,2015,Foreign language comprehension achievement: Insights from the cognate facilitation effect,Frontiers in Psychology,https://doi.org/10.3389/fpsyg.2015.00588,Casaponsa_2015_Foreign_language_comprehension.pdf,Both (Scopus + NotebookLM),FALSE,NA,NA,9,Exp 1,64,400,English,Spanish,English,NA,NA,English Lexical Decision Task (LDT),"Cognate effect (in ms), Self-rating of English proficiency, AoA English",NA,NA,Higher cognate effects and higher self-rating of English proficiency significantly predicted higher Reading Comprehension scores,"Cognate effect: Beta = 0.36, t = 3.30, p = 0.002. Model R2 = 0.28 (Adjusted R2 = 0.24)",NA,Imageability (stimulus attribute/control factor),NA,NA,NA,NA,"ANOVA, Backward Multiple Regression",NA,NA,NA,NA,NA,NA,"WM estimate, IQ estimate"
Casaponsa A.,2015,Foreign language comprehension achievement: Insights from the cognate facilitation effect,Frontiers in Psychology,https://doi.org/10.3389/fpsyg.2015.00588,Casaponsa_2015_Foreign_language_comprehension.pdf,Both (Scopus + NotebookLM),FALSE,NA,NA,9,Exp 2,105,400,English,Spanish,English,NA,NA,English Lexical Decision Task (LDT),"Cognate effect (in ms), Age of acquisition (AoA) English",NA,NA,Lower cognate effects and lower AoA significantly predicted higher Reading Comprehension scores (opposite direction for cognate effect compared to Exp 1),"Cognate effect: Beta = -0.20, t = -2.25, p = 0.03. Model R2 = 0.22 (Adjusted R2 = 0.18)",NA,Imageability (stimulus attribute/control factor),NA,NA,NA,NA,"ANOVA, Backward Multiple Regression",NA,NA,NA,NA,NA,NA,"WM estimate, IQ estimate"
Xu X.,2014,The effects of gender and self-insight on early semantic processing,Plos One,https://doi.org/10.1371/journal.pone.0114421,Xu_2014_The_effects_of.pdf,Both (Scopus + NotebookLM),FALSE,NA,NA,8,Exp 1,55,144,Chinese,NA,NA,NA,NA,Animal Word Detection task (Semantic task),NA,NA,NA,NA,NA,NA,NA,NA,NA,NA,NA,(Implied tests/ANOVA),NA,NA,NA,NA,NA,NA,Gender; Self-insight (SRIS-IN summation score)
Duñabeitia J.A.,2014,Revisiting letter transpositions within and across morphemic boundaries,Psychonomic Bulletin and Review,https://doi.org/10.3758/s13423-014-0609-2,Duñabeitia_2014_Revisiting_letter_transpositions.pdf,Both (Scopus + NotebookLM),FALSE,NA,NA,7,Exp 1,80,420 word targets + 420 nonword targets (total 840 stimuli),Spanish,Native Spanish speakers,NA,NA,NA,Masked priming (followed by lexical decision),Reading skills (participants split into 'faster' and 'slower' groups based on processing speed/RT data).,NA,NA,"The critical two-way interaction was significant for the faster group, whereas the slower group showed a generalized TL effect.","F(1, 36) = 11.32, p = .001 (for the three-way interaction involving the reading groups).",NA,NA,NA,NA,NA,NA,"ANOVA, regression analyses",NA,NA,NA,NA,NA,NA,NA
Adelman J.S.,2014,A behavioral database for masked form priming,Behavior Research Methods,https://doi.org/10.3758/s13428-013-0442-y,Adelman_2014_A_behavioral_database.pdf,Both (Scopus + NotebookLM),FALSE,NA,NA,7,Exp 1,1056,840,English,English,NA,NA,NA,Lexical decision task,Measures of spelling and vocabulary (Shipley test),NA,NA,Vocabulary/Spelling are moderators of priming effects,NA,NA,NA,NA,NA,NA,NA,"Direct computation of sums of squares, pseudo-F calculations, correlation matrix, multiple regression analyses",NA,NA,NA,NA,NA,NA,NA
Welcome S.,2014,Individual differences in white matter anatomy predict dissociable components of reading skill in adults,Neuroimage,https://doi.org/10.1016/j.neuroimage.2014.03.069,Welcome_2014_Individual_differences_in.pdf,Both (Scopus + NotebookLM),FALSE,NA,NA,10,Exp 4,17,NA,English,English,NA,NA,NA,Semantic processing (Meaning judgments),Nelson–Denny Reading Comprehension,NA,NA,Tract volume extending from functional ROIs associated with semantic analysis significantly correlated with reading comprehension,"Correlation $r(15) = 0.59$, $p < 0.01$; $\beta = 0.65$, $p < 0.05$ (unique prediction)",NA,NA,NA,NA,NA,NA,Correlations (Pearson's r); Multiple regression; Permutation testing,NA,NA,NA,NA,NA,NA,Nonverbal IQ (TONI); White matter tract volume/FA
Woollams A.M.,2014,Connectionist neuropsychology: Uncovering ultimate causes of acquired dyslexia,Philosophical Transactions of the Royal Society B Biological Sciences,https://doi.org/10.1098/rstb.2012.0398,Woollams_2014_Connectionist_neuropsychology:_Uncovering.pdf,Scopus only,FALSE,NA,NA,NA,NA,NA,NA,NA,NA,NA,NA,NA,NA,NA,NA,NA,NA,NA,NA,NA,NA,NA,NA,NA,NA,NA,NA,NA,NA,NA,NA,NA
Elgort I.,2014,L2 Vocabulary Learning From Reading: Explicit and Tacit Lexical Knowledge and the Role of Learner and Item Variables,Language Learning,https://doi.org/10.1111/lang.12052,Elgort_2014_L2_Vocabulary_Learning.pdf,Both (Scopus + NotebookLM),FALSE,NA,NA,8,Semantic Priming LDT,NA,NA,English (L2),"Mixed (e.g., Cantonese/Mandarin, German, Spanish)",English (L2),NA,NA,Semantic priming LDT (using newly learned pseudoword primes).,"Lexical proficiency (VST, WordCV). Age of L2 acquisition (L2Age). Individual reading comprehension scores (CompScore). Self-reported strategies (Strat).",NA,NA,"Semantic facilitation was reliably more likely for participants who started learning English earlier in life (L2Age), scored higher on text comprehension (CompScore), and reported using vocabulary learning strategies (Strat).","Interaction L2Age: t = 2.40, SE = .01; Interaction CompScore: t = –1.91, SE = .01; Interaction Strat: t = –1.92, SE = .01.",NA,NA,NA,NA,NA,NA,LME analysis. Mixed logit model (for meaning generation analysis). Backward-fitting model selection procedure.,NA,NA,NA,NA,NA,NA,Gender. RTs to primes.
Elgort I.,2014,L2 Vocabulary Learning From Reading: Explicit and Tacit Lexical Knowledge and the Role of Learner and Item Variables,Language Learning,https://doi.org/10.1111/lang.12052,Elgort_2014_L2_Vocabulary_Learning.pdf,Both (Scopus + NotebookLM),FALSE,NA,NA,6,Form Priming LDT,NA,NA,English (L2),Mixed,English (L2),NA,NA,Masked Form Priming LDT.,"Lexical proficiency (VST, WordCV). Age of L2 acquisition (L2Age). L1 group (alpha). Reading comprehension scores (CompScore). Self-reported strategies (Strat).",NA,NA,VST and WordCV showed significant fixed effects in predicting log RTs. L1 (alpha) also showed a significant fixed effect.,"VST: Coef. β = -0.09, t = -2.97; WordCV: Coef. β = 0.10, t = 3.17; L1(alpha): Coef. β = 0.09, t = 2.89.",NA,NA,NA,NA,NA,NA,Linear Mixed-effects Model (LMM).,NA,NA,NA,NA,NA,NA,"Age, PrevRT."
Smith F.X.,2014,Efficient cognitive operations predict skill acquisition,Learning and Individual Differences,https://doi.org/10.1016/j.lindif.2013.10.011,Smith_2014_Efficient_cognitive_operations.pdf,Both (Scopus + NotebookLM),TRUE,—,NA,9,Single experiment,70 undergraduates [rrrrrr],144 synonym comparisons [ssssss],English (Implied) [ttttt],—,—,NA,NA,"Synonym comparisons (semantic decision/judgment, ALTM task) [ttttt, uuuuuu]",—,NA,NA,—,—,NA,—,NA,NA,—,—,"One-way within subjects ANOVA; Correlation analysis [wwwwww, xxxxxx]",—,—,—,—,—,—,Facilitation of procedural memory (ALTM measures); Cognitive Control (Color Stroop (CS) and Number Stroop (NS) RT) [vvvvvv]
Hutchinson S.,2013,Language statistics and individual differences in processing primary metaphors,Cognitive Linguistics,https://doi.org/10.1515/cog-2013-0023,Hutchinson_2013_Language_statistics_and.pdf,Both (Scopus + NotebookLM),FALSE,NA,NA,8,Exp 1 (Valence),74 native English speaking undergraduates participated; 34 subjects (24 females) in vertical presentation condition and 40 subjects (29 females) in horizontal presentation condition,150 (50 pairs + 100 filler items),English,Native English speaking undergraduates,NA,NA,NA,Semantic relatedness judgment of word pairs,Statistical linguistic frequencies,NA,NA,Statistical linguistic frequencies explained response times (RTs) of stimulus pairs in both vertical and horizontal configurations.,Effect sizes for statistical linguistic frequencies were consistently at least two times larger than those reported in Meier and Robinson (2004).,NA,NA,NA,NA,NA,NA,"Mixed effects analyses, t-tests.",NA,NA,NA,NA,NA,NA,Participant gender.
Hutchinson S.,2013,Language statistics and individual differences in processing primary metaphors,Cognitive Linguistics,https://doi.org/10.1515/cog-2013-0023,Hutchinson_2013_Language_statistics_and.pdf,Both (Scopus + NotebookLM),FALSE,NA,NA,8,Exp 2 (Authority),79 different native English speaking undergraduate participants. 41 subjects (28 females) in vertical condition and 38 subjects (27 females) in horizontal condition.,Procedure identical to Experiment 1,English,Native English speaking undergraduate,NA,NA,NA,Semantic relatedness judgment of word pairs (procedure identical to Experiment 1),Statistical linguistic frequencies (operationalized in the same way as Experiment 1),NA,NA,Linguistic factor again explained RTs both in the vertical and horizontal conditions. Powerful–powerless word pairs were more frequent than powerless–powerful word pairs.,Effect sizes similar to those found in Experiment 1.,NA,NA,NA,NA,NA,NA,"MCMC sampling, t-test, mixed effects analyses.",NA,NA,NA,NA,NA,NA,Participant gender.
Hutchinson S.,2013,Language statistics and individual differences in processing primary metaphors,Cognitive Linguistics,https://doi.org/10.1515/cog-2013-0023,Hutchinson_2013_Language_statistics_and.pdf,Both (Scopus + NotebookLM),FALSE,NA,NA,8,Exp 3 (Temperature),72 different undergraduate native English speakers participated. 41 subjects (29 females) in vertical condition and 31 subjects (24 females) in horizontal condition,66 (22 pairs + 44 filler items),English,Native English speakers,NA,NA,NA,Semantic relatedness judgment of word pairs (procedure identical to that of Experiments 1 and 2),Statistical linguistic frequencies (operationalized in the same way as Experiments 1–3),NA,NA,Investigated whether statistical linguistic frequencies explained RTs of word pairs related to temperature.,NA,NA,NA,NA,NA,NA,NA,Mixed effects analyses.,NA,NA,NA,NA,NA,NA,Participant gender.
Hutchinson S.,2013,Language statistics and individual differences in processing primary metaphors,Cognitive Linguistics,https://doi.org/10.1515/cog-2013-0023,Hutchinson_2013_Language_statistics_and.pdf,Both (Scopus + NotebookLM),FALSE,NA,NA,8,Exp 4 (Gender),77 different undergraduate native English speakers participated. 39 subjects (27 females) in vertical condition and 38 subjects (27 females) in horizontal condition,96 (32 pairs + 64 filler pairs),English,Native English speakers,NA,NA,NA,Semantic relatedness judgment of word pairs (procedure identical to that of Experiments 1–3),Statistical linguistic frequencies (operationalized in the same way as Experiments 1–3),NA,NA,Investigated to what extent statistical linguistic frequencies explained RTs of word pairs related to gender. Male–female pairs had higher frequencies than female–male pairs.,NA,NA,NA,NA,NA,NA,NA,"Mixed effects analyses, t-test.",NA,NA,NA,NA,NA,NA,Participant gender.
Kuperman V.,2013,Reassessing word frequency as a determinant of word recognition for skilled and unskilled readers,Journal of Experimental Psychology Human Perception and Performance,https://doi.org/10.1037/a0030859,Kuperman_2013_Reassessing_word_frequency.pdf,Both (Scopus + NotebookLM),TRUE,"Does not feature an individual difference measure related to imagery/perceptual/motor experience, focusing on educational experience (LoEd vs HiEd) and subjective/objective frequency.",NA,0,NA,71 participants,81 English sentences,English,N/A (Monolingual context implied),NA,NA,NA,"Eye-tracking study (reading for comprehension, gaze duration measure)","Experience (labeled as LoEd vs HiEd, proxy for skill/exposure)",NA,NA,Experience (LoEd vs HiEd) significantly interacted with predicted subjective frequency effects on gaze duration.,"LoEd:rcs(PredictSubjFreq)1: -0.0234, t = -2.64, p = 0.0082",NA,NA,NA,NA,NA,NA,Linear regression model (Mixed-effects structure implied by previous work referenced),NA,NA,NA,NA,NA,NA,NA
Egidi G.,2013,Cortical systems for local and global integration in discourse comprehension,Neuroimage,https://doi.org/10.1016/j.neuroimage.2013.01.003,Egidi_2013_Cortical_systems_for.pdf,Both (Scopus + NotebookLM),FALSE,NA,NA,4,Exp 2 (fMRI study),14,40 experimental stories,Italian,Native Italian speakers,NA,NA,NA,Listening comprehension and subsequent recall task (memory for story endings),Subsequent recall scores for story endings.,NA,NA,Memory for the ending depended on a more extended brain network when global context was relevant. Positive correlations found in areas usually involved in semantic processing and memory for language.,NA,NA,NA,NA,NA,NA,NA,"BOLD activity correlation analysis, ANOVA",NA,NA,NA,NA,NA,NA,"Negative correlations found in sensory, motor, and visual areas."
Andrews S.,2013,Is morphological priming stronger for transparent than opaque words? It depends on individual differences in spelling and vocabulary,Journal of Memory and Language,https://doi.org/10.1016/j.jml.2012.12.001,Andrews_2013_Is_morphological_priming.pdf,Both (Scopus + NotebookLM),FALSE,NA,NA,9,Exp 1,100,90 pairs,English,English (Began speaking by age five),NA,NA,NA,Masked priming (Lexical decision task),"Vocabulary test (to index semantic knowledge), composite measure of spelling (ZSpell)",NA,NA,"Superior vocabulary (Low PC2) group showed robust priming for transparent pairs (38 ms), but no priming for opaque pairs (-2 ms)","F1(2,168) = 4.439, p = .013 (priming effect modulated by target type)",NA,NA,NA,NA,NA,NA,"ANOVA, General Linear Models, Linear Mixed Effect (LME) models",NA,NA,NA,NA,NA,NA,NA
Gershkoff-Stowe L.,2013,Word comprehension and production asymmetries in children and adults,Journal of Experimental Child Psychology,https://doi.org/10.1016/j.jecp.2012.11.005,Gershkoff-Stowe_2013_Word_comprehension_and.pdf,Scopus only,FALSE,NA,NA,NA,NA,NA,NA,NA,NA,NA,NA,NA,NA,NA,NA,NA,NA,NA,NA,NA,NA,NA,NA,NA,NA,NA,NA,NA,NA,NA,NA,NA
Herzig D.,2013,Stressing schizotypy: The modulating role of stress-relieving behaviours and intellectual capacity on functional hemispheric asymmetry,Laterality,https://doi.org/10.1080/1357650X.2011.638638,Herzig_2013_Stressing_schizotypy:_The.pdf,Scopus only,FALSE,NA,NA,NA,NA,NA,NA,NA,NA,NA,NA,NA,NA,NA,NA,NA,NA,NA,NA,NA,NA,NA,NA,NA,NA,NA,NA,NA,NA,NA,NA,NA
Staub A.,2013,Individual differences in fixation duration distributions in reading,Psychonomic Bulletin and Review,https://doi.org/10.3758/s13423-013-0444-x,Staub_2013_Individual_differences_in.pdf,Both (Scopus + NotebookLM),TRUE,—,NA,4,Combined/Re-analysis + Exp 5,153 subjects (113 usable in Exps 1-4 + 40 in Exp 5) [qqqqqqq],Average 77 usable first fixations (Exps 1-4); Average 134 valid first fixations (Exp 5) [qqqqqqq],English (Implied) [rrrrrrr],—,—,NA,NA,Eye movement data (First-fixation durations) during reading [ppppppp]; LDT; Naming [rrrrrrr],—,NA,NA,—,—,NA,—,NA,NA,—,—,Parameter estimation (QMPE software) [sssssss],—,—,—,—,—,NA,"Ex-Gaussian parameters (μ, σ, τ) [sssssss]"
Katz L.,2012,What lexical decision and naming tell us about reading,Reading and Writing,https://doi.org/10.1007/s11145-011-9316-9,Katz_2012_What_lexical_decision.pdf,Both (Scopus + NotebookLM),TRUE,"Does not feature an individual difference measure related to imagery/perceptual/motor experience, focusing primarily on reading and language abilities.",NA,0,NA,NA,NA,NA,NA,NA,NA,NA,NA,"Lexical Decision (LD), Naming (NAM)",NA,NA,"Woodcock-Johnson (WJ) tests, Test of Word Reading Efficiency (TOWRE)",NA,NA,NA,NA,NA,NA,NA,"RAN, CTOPP",Correlational analysis,NA,NA,NA,NA,NA,NA
Welcome S.E.,2012,Individual differences in skilled adult readers reveal dissociable patterns of neural activity associated with component processes of reading,Brain and Language,https://doi.org/10.1016/j.bandl.2011.12.011,Welcome_2012_Individual_differences_in.pdf,Both (Scopus + NotebookLM),FALSE,NA,NA,10,Exp 1,20,NA,English,English,NA,NA,NA,Word meaning judgment (Semantic decision: judging if words are types of animals),Sight Word Efficiency (SWE); Phonemic Decoding Efficiency (PDE); Nelson-Denny Reading Comprehension,NA,NA,Greater reading comprehension ability was associated with decreased activation in anterior cingulate and temporal regions,NA,NA,NA,NA,NA,NA,NA,Correlation analysis (Pearson R); General linear model (GLM) for fMRI; Conjunction analysis; One-sample t-tests; Monte Carlo simulation (AFNI AlphaSim),NA,NA,NA,NA,NA,NA,Nonverbal intelligence (TONI-3); Neural activation (fMRI)
Yap M.J.,2012,Individual differences in visual word recognition: Insights from the English Lexicon Project,Journal of Experimental Psychology Human Perception and Performance,https://doi.org/10.1037/a0024177,Yap_2012_Individual_differences_in.pdf,Both (Scopus + NotebookLM),FALSE,NA,NA,9,Exp 1,819,3374,English,English,NA,NA,NA,Lexical Decision Task (LDT),Vocabulary knowledge (Shipley score),NA,NA,Higher vocabulary associated with attenuated sensitivity to underlying lexical characteristics; PC3 (Word-frequency/Semantics) marginally related to vocabulary knowledge,"Vocabulary correlation with PC3 effect: $r = -0.083$, $p < .05$",NA,NA,NA,NA,NA,NA,Correlation analysis; Principal Components Analysis (PCA); Diffusion model fitting,NA,NA,NA,NA,NA,NA,"RT distributional characteristics ($\mu, \sigma, \tau$); Diffusion model parameters ($a, v, Ter, z$)"
Wei T.,2012,Predicting conceptual processing capacity from spontaneous neuronal activity of the left middle temporal gyrus,Journal of Neuroscience,https://doi.org/10.1523/JNEUROSCI.1953-11.2012,Wei_2012_Predicting_conceptual_processing.pdf,Both (Scopus + NotebookLM),FALSE,NA,NA,10,Exp 1,34,NA,Chinese,NA,NA,NA,NA,"Object picture-naming, Object picture associative-matching, Object sound-naming",Semantic composite score (efficiency average of three semantic tasks),NA,NA,"Regional ALFF in LMTG strongly predicted individual variation in conceptual processing capacity; Functional connectivity strength between LMTG and regions like LIFG, ATL, LMTL, PCG, DMPFC, and VMPFC significantly predicted semantic performance",ALFF in LMTG correlating positively with picture-naming performance: $r_{cluster} \approx 0.73$; Multiple linear regression model explained $R^2 \approx 0.74$,NA,NA,NA,NA,NA,NA,Correlation analysis; Regression analysis; Functional connectivity analysis; One-sample t tests (Bonferroni correction); Multiple linear regression analysis,NA,NA,NA,NA,NA,NA,Regional ALFF in LMTG; Functional connectivity patterns
Andrews S.,2012,Not all skilled readers have cracked the code: Individual differences in masked form priming,Journal of Experimental Psychology Learning Memory and Cognition,https://doi.org/10.1037/a0024953,Andrews_2012_Not_all_skilled.pdf,Scopus only,TRUE,NA,X,NA,NA,NA,NA,NA,NA,NA,NA,NA,NA,NA,NA,NA,NA,NA,NA,NA,NA,NA,NA,NA,NA,NA,NA,NA,NA,NA,NA,NA
Barreyro J.,2012,Working memory capacity and individual differences in the making of reinstatement and elaborative inferences,Spanish Journal of Psychology,https://doi.org/10.5209/rev_SJOP.2012.v15.n2.38857,Barreyro_2012_Working_memory_capacity.pdf,Both (Scopus + NotebookLM),FALSE,NA,NA,8,Exp 1,64,21 critical items (plus reading sentences),Spanish,Spanish (Argentine dialect implied),NA,NA,NA,Lexical Decision Task (probing inferences during reading),Reading Span task (Working Memory Capacity - WMC),NA,NA,High WMC readers made both reinstatement and elaborative inferences; Low WMC readers made only reinstatement inferences (demonstrated by faster RTs in inference vs pre-inference condition),"Three-way interaction (WMC x probe location x inference type): F1(1, 62) = 7.26, p < .01, eta2 = .11. F2(1, 10) = 6.15, p < .05, eta2 = .38",NA,NA,NA,NA,NA,NA,"ANOVA (F1/F2), T-tests",NA,NA,NA,NA,NA,NA,Working Memory Capacity (WMC)
Díaz B.,2012,Individual differences in late bilinguals' L2 phonological processes: From acoustic-phonetic analysis to lexical access,Learning and Individual Differences,https://doi.org/10.1016/j.lindif.2012.05.005,Díaz_2012_Individual_differences_in.pdf,Scopus only,FALSE,NA,NA,NA,NA,NA,NA,NA,NA,NA,NA,NA,NA,NA,NA,NA,NA,NA,NA,NA,NA,NA,NA,NA,NA,NA,NA,NA,NA,NA,NA,NA
Hargreaves I.S.,2012,How a hobby can shape cognition: Visual word recognition in competitive Scrabble players,Memory and Cognition,https://doi.org/10.3758/s13421-011-0137-5,Hargreaves_2012_How_a_hobby.pdf,Both (Scopus + NotebookLM),FALSE,NA,NA,6,Exp 2 (Scrabble Experts vs. Controls),46 (Scrabble Experts + Controls estimated),200 (100 words/100 nonwords),English,NA,NA,NA,NA,Lexical Decision Task (LDT). Semantic dimension (concreteness) effects investigated.,"Scrabble expertise. RART Print Exposure score, NAART Vocabulary score, COWAT Word Fluency scores.",NA,NA,Scrabble expertise resulted in a significantly smaller concreteness effect (25 ms) compared to controls (79 ms).,"Interaction expertise x concreteness: F1(1, 44) = 4.27, p = .045, η² = .09.",NA,NA,NA,NA,NA,NA,ANOVA (2 x 2 x 2 design). t-tests.,NA,NA,NA,NA,NA,NA,"Age, WAIS Digit–Symbol Speed."
Henderson L.,2011,"The N400 effect in children: Relationships with comprehension, vocabulary and decoding",Brain and Language,https://doi.org/10.1016/j.bandl.2010.12.003,Henderson_2011_The_N400_effect.pdf,Both (Scopus + NotebookLM),FALSE,NA,NA,6,ERP Study,17 (Estimated based on DOF),104 picture-word pairs,English (British English),NA,NA,NA,NA,Picture-word matching task (Semantic congruency).,Expressive vocabulary knowledge (Definitions Task total score).,NA,NA,Definitions scores were significantly correlated with receptive vocabulary scores.,"Correlation r = .65, p < .01.",NA,NA,NA,NA,NA,NA,Repeated measures ANOVA. Correlation analysis.,NA,NA,NA,NA,NA,NA,NA
Yap M.,2009,Individual differences in the joint effects of semantic priming and word frequency revealed by RT distributional analyses: The role of lexical integrity,Journal of Memory and Language,https://doi.org/10.1016/j.jml.2009.07.001,Yap_2009_Individual_differences_in.pdf,Both (Scopus + NotebookLM),FALSE,NA,NA,10,Exp 1,40,600,English,NA,NA,NA,NA,Lexical decision task (LDT) (Semantic priming),Vocabulary knowledge (Shipley score),NA,NA,Higher vocabulary (WUSTL) showed additive effects of priming and frequency in RTs,"Priming $\times$ Frequency RT interaction: $F(1, 152) = 0.93$, $p = 0.34$ (minF')",NA,NA,NA,NA,NA,NA,Repeated-measures ANOVA; RT distributional analysis; Multiple regression,NA,NA,NA,NA,NA,NA,NA
Yap M.,2009,Individual differences in the joint effects of semantic priming and word frequency revealed by RT distributional analyses: The role of lexical integrity,Journal of Memory and Language,https://doi.org/10.1016/j.jml.2009.07.001,Yap_2009_Individual_differences_in.pdf,Both (Scopus + NotebookLM),FALSE,NA,NA,10,Exp 2,48,600,English,NA,NA,NA,NA,Lexical decision task (LDT) (Semantic priming),Vocabulary knowledge (Shipley score),NA,NA,Higher vocabulary (WUSTL) showed additive effects of Priming and Frequency in RTs,"Priming $\times$ Frequency RT interaction: $F(1, 159) = 0.35$, $p = 0.56$ (minF')",NA,NA,NA,NA,NA,NA,Repeated-measures ANOVA; RT distributional analysis; Multiple regression,NA,NA,NA,NA,NA,NA,NA
Yap M.,2009,Individual differences in the joint effects of semantic priming and word frequency revealed by RT distributional analyses: The role of lexical integrity,Journal of Memory and Language,https://doi.org/10.1016/j.jml.2009.07.001,Yap_2009_Individual_differences_in.pdf,Both (Scopus + NotebookLM),FALSE,NA,NA,10,Exp 3,40,600,English,NA,NA,NA,NA,Lexical decision task (LDT) (Semantic priming),Vocabulary knowledge (Shipley score),NA,NA,Lower vocabulary (SUNY-A) showed a significant interactive effect (greater priming for LF targets) in RTs,Priming $\times$ Frequency RT interaction: Significant in participant analysis ($p=0.01$),NA,NA,NA,NA,NA,NA,Repeated-measures ANOVA; RT distributional analysis; Multiple regression,NA,NA,NA,NA,NA,NA,NA
Yap M.,2009,Individual differences in the joint effects of semantic priming and word frequency revealed by RT distributional analyses: The role of lexical integrity,Journal of Memory and Language,https://doi.org/10.1016/j.jml.2009.07.001,Yap_2009_Individual_differences_in.pdf,Both (Scopus + NotebookLM),FALSE,NA,NA,10,Exp 4,28,600,English,NA,NA,NA,NA,Lexical decision task (LDT) (Semantic priming),Vocabulary knowledge (Shipley score),NA,NA,Lower vocabulary (SUNY-A) showed a significant interactive effect (greater priming for LF targets) in RTs,Priming $\times$ Frequency RT interaction: Significant in participant analysis ($p=0.04$),NA,NA,NA,NA,NA,NA,Repeated-measures ANOVA; RT distributional analysis; Multiple regression,NA,NA,NA,NA,NA,NA,NA
Frishkoff G.,2009,ERP measures of partial semantic knowledge: Left temporal indices of skill differences and lexical quality,Biological Psychology,https://doi.org/10.1016/j.biopsycho.2008.04.017,Frishkoff_2009_ERP_measures_of.pdf,Both (Scopus + NotebookLM),FALSE,NA,NA,6,LDT,34,1800 trials (5 blocks of 360),English,Native English speakers (monolingual),NA,NA,NA,"Lexical Decision Task (LDT), modified to access word meanings.","Vocabulary skill groups (High, Average, Low) based on Nelson–Denny vocabulary scores.",NA,NA,High-skilled participants showed specialized localization of ERP factors (F640 factor points to left ventral temporal regions) related to graded word knowledge.,NA,NA,NA,NA,NA,NA,NA,ERP analysis,NA,NA,NA,NA,NA,NA,NA
Ruthruff E.,2008,Visual word recognition without central attention: Evidence for greater automaticity with greater reading ability,Psychonomic Bulletin and Review,https://doi.org/10.3758/PBR.15.2.337,Ruthruff_2008_Visual_word_recognition.pdf,Both (Scopus + NotebookLM),TRUE,—,NA,10,Single experiment,"48 undergraduate students (24 high, 24 low reading ability) [llll]",—,English (Implied) [llll],—,—,NA,NA,"Lexical decision task (Task 2 in dual-task setup) [mmmm, nnnn]","Reading ability (Nelson–Denny reading test score, 60th percentile rank or above vs 20th–50th percentile ranks) [llll, nnnn]",NA,NA,Hypothesized better readers' word frequency effects should be greatly reduced at short SOAs [llll].,—,NA,—,NA,NA,—,—,ANOVA (repeated-measures) [nnnn],—,—,—,—,—,NA,SOA (50 to 900 msec); S1 modality (Auditory–Visual vs. Visual–Visual) [nnnn]
Dilkina K.,2008,A single-system account of semantic and lexical deficits in five semantic dementia patients,Cognitive Neuropsychology,https://doi.org/10.1080/02643290701723948,Dilkina_2008_A_single-system_account.pdf,Scopus only,TRUE,"Presents a computational modeling study simulating patient data, not novel experimental human data collection.",NA,NA,NA,NA,NA,NA,NA,NA,NA,NA,NA,NA,NA,NA,NA,NA,NA,NA,NA,NA,NA,NA,NA,NA,NA,NA,NA,NA,NA,NA
Pérez-Pereira M.,2007,Short forms of the Inventario do Desenvolvemento de Habilidades Comunicativas: Normative data and psychometric properties,Infancia Y Aprendizaje,https://doi.org/10.1174/021037007782334292,Pérez-Pereira_2007_Short_forms_of.pdf,Both (Scopus + NotebookLM),TRUE,—,NA,5,Nivel I Normative,347 children (8-15 months) [lll],"89 items (words) [mmm, nnn]","Galician (Gallego) [kkk, mmm]",—,Spanish (Castellano) contact reported [ooo],NA,NA,"Parent report inventory (IDHC short form: Lexical comprehension and production) [kkk, mmm, ppp]","Lexical comprehension score (Vocabulary size); Lexical production score (Vocabulary size) [ppp, qqq]",NA,NA,Scores reflect expected developmental increase with age [qqq],—,NA,—,NA,NA,—,—,"ANOVA; Correlation; Cronbach's Alpha [sss, ttt]",—,—,—,—,—,NA,"Age; Sex; Order of birth [lll, rrr]"
Pérez-Pereira M.,2007,Short forms of the Inventario do Desenvolvemento de Habilidades Comunicativas: Normative data and psychometric properties,Infancia Y Aprendizaje,https://doi.org/10.1174/021037007782334292,Pérez-Pereira_2007_Short_forms_of.pdf,Both (Scopus + NotebookLM),TRUE,—,NA,5,Nivel II Normative,806 subjects (16-30 months) [lll],"100 items [mmm, nnn]","Galician (Gallego) [kkk, mmm]",—,Spanish [ooo],NA,NA,"Parent report inventory (IDHC short form: Lexical production and word combination frequency) [mmm, ppp]",Lexical production score (Vocabulary size) [uuu]; Frequency of word combination [vvv],NA,NA,Frequency of word combination was decisive for predicting vocabulary size [www]; LME3 associated strongly with vocabulary production (r = 0.68) [xxx].,Partial Eta2 for combination of words on vocabulary size: 0.271 [www]; Correlation (LME3 & Vocab Production): r = 0.68 [xxx],NA,—,NA,NA,—,—,"ANOVA; Correlation [www, yyy]",—,—,—,—,—,NA,"Age; Sex; Order of birth [lll, yyy]"
Pérez-Pereira M.,2007,Short forms of the Inventario do Desenvolvemento de Habilidades Comunicativas: Normative data and psychometric properties,Infancia Y Aprendizaje,https://doi.org/10.1174/021037007782334292,Pérez-Pereira_2007_Short_forms_of.pdf,Both (Scopus + NotebookLM),TRUE,—,NA,5,Validation/Spontaneous Language,42 subjects [zzz],—,"Galician [kkk, aaaa]",—,—,NA,NA,Lexical diversity (spontaneous language measure) [aaaa],Vocab production (IDHC short form) [bbbb]; LME3 (parent report) [bbbb],NA,NA,"High correlation between IDHC vocabulary production and lexical diversity in spontaneous language (r = 0.86 at 18m) [bbbb, cccc].","r = 0.86 (Vocab Production & Lexical Diversity, 18m); r = 0.80 (Vocab Production & Lexical Diversity, 24m) [bbbb, cccc]",NA,—,NA,NA,—,—,"Correlation [zzzz, bbbb]",—,—,—,—,—,NA,Age; Sex [zzz]
McGinnis D.,2007,Metacomprehension during rare word comprehension,Reading Psychology,https://doi.org/10.1080/02702710601186373,McGinnis_2007_Metacomprehension_during_rare.pdf,Both (Scopus + NotebookLM),TRUE,"Does not feature an individual difference measure related to imagery/perceptual/motor experience, focusing on metacomprehension and vocabulary.",NA,0,NA,NA,NA,4 rare word passages,English,NA,NA,NA,NA,Definition task (providing written definitions).,NA,NA,WAIS-R Vocabulary test.,WAIS-R Vocabulary score was correlated with task-specific inference measures.,NA,WAIS-R Vocabulary x Inference: r = .300***,NA,NA,NA,NA,"Metacomprehension Scale (MCS) subscales (anxiety, confidence, strategy use, etc.). Confidence ratings.","Cluster analysis (Quick Cluster in SPSS, nonhierarchical). Univariate analysis of variance (ANOVA). Correlational analysis.",NA,NA,NA,NA,NA,NA
Chapman R.,2006,Effect of memory support and elicited production on fast mapping of new words by adolescents with down syndrome,Journal of Speech Language and Hearing Research,https://doi.org/10.1044/1092-4388(2006/001),Chapman_2006_Effect_of_memory.pdf,Both (Scopus + NotebookLM),FALSE,NA,NA,8,Exp 1,37,Not stated (8 novel words used),English,English (implied),NA,NA,NA,Fast mapping of new noun vocabulary (comprehension/production accuracy and speed),"Vocabulary comprehension, Syntax comprehension",NA,NA,"Standard comprehension measures predicted fast-mapped comprehension: vocabulary predicted for DS group, syntax predicted for TD group",NA,NA,"Visual nonverbal cognition, Visual short-term memory",NA,NA,Investigated relationship between these factors and fast mapping outcome (specific findings not detailed),NA,"Repeated-measures design, ANOVA, Regression analysis (implied)",NA,NA,NA,NA,NA,NA,"Auditory short-term memory, Hearing status, Group (DS vs TD)"
Chiarello C.,2006,Neuroanatomical and behavioral asymmetry in an adult compensated dyslexic,Brain and Language,https://doi.org/10.1016/j.bandl.2006.04.012,Chiarello_2006_Neuroanatomical_and_behavioral.pdf,Both (Scopus + NotebookLM),FALSE,NA,NA,6,Exp 1,20 (T.F. + 19 controls),"92 (Verb Generation), 66 (Category Generation), 160 (LDT)",English,English,NA,NA,NA,"Verb Generation, Category Generation, Lexical Decision",Word comprehension subtests (WRMT-R),NA,NA,Single case T.F. showed poor low-level word recognition/decoding performance but normal performance on deliberative word generation tasks (semantic tasks),Not explicitly listed in excerpts,NA,NA,NA,NA,NA,NA,Comparison of single case scores against control means (SDs provided),NA,NA,NA,NA,NA,NA,"Handedness, Age, WMC (Digits forward/backward), Cognitive Abilities, Neuroanatomical measurements (e.g., Planum Temporale asymmetry)"
Taft M.,2006,Obligatory decomposition in reading prefixed words,Mental Lexicon,https://doi.org/10.1075/ml.1.2.02taf,Taft_2006_Obligatory_decomposition_in.pdf,Both (Scopus + NotebookLM),TRUE,—,NA,3,Single experiment,34 native English speakers [iiiiiiii],113 items (plus 10 practice items) [jjjjjjjj],English [iiiiiiii],English (Native speakers) [iiiiiiii],—,NA,NA,Lexical decision [jjjjjjjj],—,NA,NA,—,—,NA,—,NA,NA,—,—,—,—,—,—,—,—,NA,—
Swanson H.L.,2004,The relationship between working memory and mathematical problem solving in children at risk and not at risk for serious math difficulties,Journal of Educational Psychology,https://doi.org/10.1037/0022-0663.96.3.471,Swanson_2004_The_relationship_between.pdf,Both (Scopus + NotebookLM),TRUE,—,NA,6,Correlational Study,N=353 (implied sample size for correlations) [dddddddd],—,English (Implied) [cccccccc],—,—,NA,NA,"Semantic processing composite score (Vocabulary, Semantic fluency) [eeeeeeee]","Semantic processing composite (Vocabulary, Semantic fluency) [eeeeeeee]",NA,NA,Semantic processing correlated significantly with Working Memory (r = 0.53) and Short-Term Memory (r = 0.43) [ffffffff].,r = 0.53 (Semantic processing & WM); r = 0.43 (Semantic processing & STM) [ffffffff],NA,—,NA,NA,—,—,"Principal Factor Analysis; Varimax rotation; Correlation; Regression [eeeeeeee, gggggggg]",—,0.001 (alpha level adopted for correlations) [dddddddd],—,—,—,—,"Working Memory (WM) and Short-Term Memory (STM) factor scores; Inhibition; Processing speed; Fluid intelligence [cccccccc, gggggggg]"
Weems S.A.,2004,The relationship between reading ability and lateralized lexical decision,Brain and Cognition,https://doi.org/10.1016/j.bandc.2004.03.001,Weems_2004_The_relationship_between.pdf,Both (Scopus + NotebookLM),FALSE,NA,NA,5,Exp 1,NA,NA,English,NA,NA,NA,NA,Lexical task (implied Lexical Decision using words and non-words),"Nelson–Denny reading test (vocabulary, reading comprehension, and reading speed)",NA,NA,NA,NA,NA,NA,NA,NA,NA,NA,NA,NA,NA,NA,NA,NA,NA,NA
Holyk G.G.,2004,The elusive nature of early phonological priming effects: Are there individual differences?,Brain and Language,https://doi.org/10.1016/S0093-934X(03)00447-4,Holyk_2004_The_elusive_nature.pdf,Both (Scopus + NotebookLM),FALSE,NA,NA,5,Exp 1b,50,192 trials,English,Fluent English speakers,NA,NA,NA,Phonological priming (LDT implied).,Phonological skill (measured via Naming RT and Naming error).,NA,NA,NA,NA,NA,NA,NA,NA,NA,NA,t-tests.,NA,NA,NA,NA,NA,NA,Perceptual skill score.
Phillips N.,2004,Semantic priming in a first and second language: Evidence from reaction time variability and event-related brain potentials,Journal of Neurolinguistics,https://doi.org/10.1016/S0911-6044(03)00055-1,Phillips_2004_Semantic_priming_in.pdf,Both (Scopus + NotebookLM),TRUE,—,NA,10,Exp 1,"37 (19 High Proficiency, 18 Low Proficiency) [r]",120 critical word trials (60 words x 2 presentations) [q],English (L1) and French (L2) [q],"English (L1) [q, s]","French (L2) [q, r]",NA,NA,"Semantic priming [q, s]","Proficiency Group (High/Low, based on history and use of both languages) [q, r]",NA,NA,Significant Proficiency Group by Language interaction found regarding the level of automaticity (CV) [t],eta2 = 0.328 (Language effect) [t],NA,—,NA,NA,—,—,ANOVA [t],—,—,—,—,—,—,Sex; Parent with French as L1 [r]
Phillips N.,2004,Semantic priming in a first and second language: Evidence from reaction time variability and event-related brain potentials,Journal of Neurolinguistics,https://doi.org/10.1016/S0911-6044(03)00055-1,Phillips_2004_Semantic_priming_in.pdf,Both (Scopus + NotebookLM),TRUE,—,NA,10,Exp 2,"29 (30 tested, 1 excluded) [s]",276 total words in each language (excluding 12 warm-up trials) [u],"English (L1) and French (L2) [q, s]",English (L1) [s],"French (L2) [r, v]",NA,NA,Semantic priming (investigating electrophysiological correlates/N400 variability) [s],"Proficiency Group (High/Low, based on history and use of both languages) [r, v]",NA,NA,Aimed to replicate behavioural findings [s],—,NA,—,NA,NA,—,—,—,—,—,—,—,—,NA,Sex; Age; Handedness [v]
Woltz D.J.,2003,Implicit cognitive processes as aptitudes for learning,Educational Psychologist,https://doi.org/10.1207/S15326985EP3802_4,Woltz_2003_Implicit_cognitive_processes.pdf,Both (Scopus + NotebookLM),TRUE,Does not present novel experimental data,NA,0,NA,NA,NA,NA,NA,NA,NA,NA,NA,NA,NA,NA,NA,NA,NA,NA,NA,NA,NA,NA,NA,NA,NA,NA,NA,NA,NA,NA
Beech J.R.,2002,"Individual differences in mature readers in reading, spelling, and grapheme-phoneme conversion",Current Psychology,https://doi.org/10.1007/s12144-002-1008-9,Beech_2002_Individual_differences_in.pdf,Both (Scopus + NotebookLM),FALSE,NA,NA,7,Exp 1,110,38 (Semantic Link Test),English,English (implied),NA,NA,NA,"Semantic Link Test, Lexical Decision Task (for word recognition measure)","Spelling Component Test, Author Recognition Test (Print Exposure), Semantic Link Test (Semantic Processing)",NA,NA,"Semantic Link Test correlates significantly with Spelling (r=.22), Baddeley Reasoning (r=.24), and Silent Adult Reading (r=.45)",NA,NA,NA,NA,NA,NA,NA,"Intercorrelations (Pearson’s r), Multiple Regression Analyses",NA,NA,NA,NA,NA,NA,Verbal reasoning (Baddeley Reasoning Test)
Weinstein S.,2002,Are creativity and schizotypy products of a right hemisphere bias?,Brain and Cognition,https://doi.org/10.1006/brcg.2001.1493,Weinstein_2002_Are_creativity_and.pdf,Both (Scopus + NotebookLM),FALSE,NA,NA,8,Exp 1,60,60,English,English,NA,NA,NA,Tachistoscopic lexical decision test (LDT),"LDT Laterality indices (A2 sensitivity, B2 criterion)",NA,NA,LDT B2 correlation with creativity (RAT),"LDT B2 vs RAT: $r = 0.330$, $p < .005$ (1-tail)",NA,NA,NA,NA,NA,NA,"Correlation analysis (Pearson r); Signal Detection Theory (SDT) indices (A', B''); Fisher z method","Gpower program (Erdfelder, Faul, & Buchner, 1996)",0.78,60,NA,NA,NA,"Schizotypy (SA, Per-Mag); Creativity (RAT, WF); Laterality (LDT A2, B2)"
Plaut D.C.,2000,Individual and developmental differences in semantic priming: Empirical and computational support for a single-mechanism account of lexical processing,Psychological Review,https://doi.org/10.1037/0033-295X.107.4.786,Plaut_2000_Individual_and_developmental.pdf,Both (Scopus + NotebookLM),TRUE,—,NA,10,Exp 1,94 college students [dd],200 total test pairs (120 prime-target pairs + 80 nonword target pairs) [ee],English [dd],English [dd],—,NA,NA,"Semantic priming (lexical-decision task) [cc, ff]",Vocabulary knowledge (revised Peabody Picture Vocabulary Test - PPVT-R) [gg],NA,NA,"For high-ability participants, priming context influenced the recognition of low-frequency targets more than high-frequency targets [hh].",—,NA,—,NA,NA,—,"Perceptual Ability (Symbol Search Test speed-accuracy score) [ff, hh]",—,—,—,—,—,NA,NA,ANCOVA [hh]
Plaut D.C.,2000,Individual and developmental differences in semantic priming: Empirical and computational support for a single-mechanism account of lexical processing,Psychological Review,https://doi.org/10.1037/0033-295X.107.4.786,Plaut_2000_Individual_and_developmental.pdf,Both (Scopus + NotebookLM),TRUE,—,NA,10,Exp 2,"90 (44 3rd-graders, 46 6th-graders) [ii]",120 total test pairs (72 prime-target pairs + 48 nonword target pairs) [jj],English [ii],English [ii],—,NA,NA,"Semantic priming (lexical-decision task) [ii, kk]",—,NA,NA,Only high-ability participants showed larger priming effects for low-frequency words than for high-frequency words [kk].,"Perceptual Ability × Priming Context × Target Frequency interaction coefficient: F(1, 284) = 3.54, p < .05 [kk]",NA,—,NA,NA,—,—,ANCOVA [kk],—,—,—,—,—,NA,"Perceptual Ability (Symbol Search Test speed-accuracy score); Age (3rd vs. 6th grade) [kk, ii]"
Plaut D.C.,2000,Individual and developmental differences in semantic priming: Empirical and computational support for a single-mechanism account of lexical processing,Psychological Review,https://doi.org/10.1037/0033-295X.107.4.786,Plaut_2000_Individual_and_developmental.pdf,Both (Scopus + NotebookLM),TRUE,—,NA,10,Exp 3,53 college students [ll],200 total test pairs [mm],English [ll],English [ll],—,NA,NA,Semantic priming (lexical-decision task) [nn],Vocabulary knowledge (PPVT-R) [oo],NA,NA,Vocabulary measure did not correlate significantly with the perceptual measure (r = .17) [oo]; Only high-ability participants showed larger priming effects for low-frequency targets than for high-frequency words [nn].,r = 0.17 (PPVT-R correlation with perceptual measure) [oo],NA,—,NA,NA,—,—,ANCOVA [nn],—,—,—,—,—,NA,Perceptual Ability (Symbol Search Test speed-accuracy score) [oo]
Nation K.,1999,Reading skills in hyperlexia: A developmental perspective,Psychological Bulletin,https://doi.org/10.1037/0033-2909.125.3.338,Nation_1999_Reading_skills_in.pdf,Scopus only,FALSE,NA,NA,NA,NA,NA,NA,NA,NA,NA,NA,NA,NA,NA,NA,NA,NA,NA,NA,NA,NA,NA,NA,NA,NA,NA,NA,NA,NA,NA,NA,NA
Schilling H.E.H.,1998,"Comparing naming, lexical decision, and eye fixation times: Word frequency effects and individual differences",Memory and Cognition,https://doi.org/10.3758/BF03201199,"Schilling_1998_Comparing_naming,_lexical.pdf",Both (Scopus + NotebookLM),TRUE,—,NA,3,Single experiment,48 students (16 assigned to each of three task pairs) [ppppp],"48 target words (24 HF, 24 LF) + 48 nonwords (for LDT) [qqqqq]",English [ppppp],English (Native speakers) [ppppp],—,NA,NA,Naming; Lexical decision; Reading (eye-tracking) [ppppp],—,NA,NA,—,—,NA,—,NA,NA,—,—,ANOVA; Correlation; Regression [sssss],—,—,—,—,—,NA,Subject Mean Response Time (SMRT) correlation with frequency effect magnitude [rrrrr]
Caselli M.C.,1998,Gestures and words in early development of children with Down syndrome,Journal of Speech Language and Hearing Research,https://doi.org/10.1044/jslhr.4105.1125,Caselli_1998_Gestures_and_words.pdf,Scopus only,TRUE,"Does not feature an online lexical or semantic processing task (e.g., lexical decision, semantic priming) as required by the protocol.",NA,NA,NA,NA,NA,NA,NA,NA,NA,NA,NA,NA,NA,NA,NA,NA,NA,NA,NA,NA,NA,NA,NA,NA,NA,NA,NA,NA,NA,NA
Cuetos F.,1997,Individual differences in lexical processing,International Journal of Phytoremediation,https://doi.org/10.1174/021093997320972016,Cuetos_1997_Individual_differences_in.pdf,Both (Scopus + NotebookLM),FALSE,NA,NA,8,Exp 1 (LDT),32,160,Spanish (Castellano),Spanish,NA,NA,NA,Lexical Decision Task (LDT),Reading Comprehension Efficacy (Gernsbacher Battery score),NA,NA,No interaction between reader skill and lexical processes (quantitative differences only). Less skilled readers were significantly slower (differences > 100 mseg),Differences between both groups exceed 100 mseg on average,NA,NA,NA,NA,NA,NA,ANOVA (F1/F2),NA,NA,NA,NA,NA,NA,NA
Cuetos F.,1997,Individual differences in lexical processing,International Journal of Phytoremediation,https://doi.org/10.1174/021093997320972016,Cuetos_1997_Individual_differences_in.pdf,Both (Scopus + NotebookLM),FALSE,NA,NA,8,Exp 2 (Naming),32,160,Spanish (Castellano),Spanish,NA,NA,NA,Reading aloud (Naming),Reading Comprehension Efficacy (Gernsbacher Battery score),NA,NA,"Significant interaction between reader skill and stimulus type (F1(2,52)=5.03, p<0.01). Less skilled readers showed patterns consistent with greater lexical competition interference","Interaction effect (Lector x Tipo de estímulo): F1(2,52)=5.03, p<0.01; F2(2,114)=5.01, p<0.01",NA,NA,NA,NA,NA,NA,"ANOVA (F1/F2), Partial analyses",NA,NA,NA,NA,NA,NA,NA
Pugh K.R.,1997,Predicting Reading Performance from Neuroimaging Profiles: The Cerebral Basis of Phonological Effects in Printed Word Identification,Journal of Experimental Psychology Human Perception and Performance,https://doi.org/10.1037/0096-1523.23.2.299,Pugh_1997_Predicting_Reading_Performance.pdf,Both (Scopus + NotebookLM),TRUE,—,NA,7,Behavioral Experiment,"31 right-handed, neurologically normal adults [eee]",192 experimental trials (96 words and 96 pronounceable nonwords) [eee],English (Implied) [eee],—,—,NA,NA,"Lexical decision task [ddd, fff]",—,NA,NA,—,—,NA,—,NA,NA,—,—,"Regression analyses [iii, jjj]; ANOVA [eee]",—,—,—,—,—,—,"Activation scores (fMRI measures) associated with orthographic, phonological, and lexical-semantic processing in cortical regions (extrastriate, inferior frontal, superior temporal gyrus) [ggg, hhh]"
Plaut D.C.,1997,Structure and Function in the Lexical System: Insights from Distributed Models of Word Reading and Lexical Decision,Language and Cognitive Processes,https://doi.org/10.1080/016909697386682,Plaut_1997_Structure_and_Function.pdf,Both (Scopus + NotebookLM),TRUE,"Does not present novel experimental data from human participants (presents computational simulation data) [w, x]",NA,0,—,—,—,—,—,—,NA,NA,"Lexical processing simulations (word naming, lexical decision) [w, y, z]","Division of labour between semantic and phonological pathways (variations in semantic strength) [y, aa]",NA,NA,Variations in reading ability following simulated semantic damage [aa],—,NA,—,NA,NA,—,—,"ANOVA (over items); Computational simulation [x, aa, bb]",—,—,—,—,—,—,"Semantic and phonological pathways properties (e.g., asymptotic strength, weight decay) [y, aa]"
Underwood G.,1994,"Individual Differences in Reading Subprocesses: Relationships Between Reading Ability, Lexical Access, and Eye Movement Control",Language and Speech,https://doi.org/10.1177/002383099403700305,Underwood_1994_Individual_Differences_in.pdf,Both (Scopus + NotebookLM),TRUE,—,NA,6,Single experiment,36 people [bbbbbbbb],"36 experimental passages (18 Ir words, 18 rI words as targets) [cccccccc]",English (Implied) [ddddddddd],—,—,NA,NA,Reading for comprehension (Eye movement recording) [eeeeeeeee],"Vocabulary test (modified Mill-Hill vocabulary test); Reading comprehension (GAPADOL test) [bbbbbbbb, ddddddddd]",NA,NA,—,—,NA,—,NA,NA,—,—,Correlation [gggggggggg],—,—,—,—,—,NA,Eye movement measures (Fixation durations/Location Ir/rI) [ffffffffff]
Lewellen M.,1993,"Lexical Familiarity and Processing Efficiency: Individual Differences in Naming, Lexical Decision, and Semantic Categorization",Journal of Experimental Psychology General,https://doi.org/10.1037/0096-3445.122.3.316,Lewellen_1993_Lexical_Familiarity_and.pdf,Both (Scopus + NotebookLM),TRUE,"Does not feature an individual difference measure related to imagery/perceptual/motor experience, focusing on lexical familiarity (ratings, vocabulary scores, questionnaire).",NA,0,Exp 1 (Naming),"30 (15 High, 15 Low familiarity groups)",160 words,English,Native speakers of English,NA,NA,NA,Visual Naming task,"Word familiarity ratings, vocabulary test scores, language experience questionnaire (selection measures)",NA,NA,High Ss were consistently faster than low Ss in naming visually presented words.,NA,NA,NA,NA,NA,NA,NA,"ANOVA (repeated-measures, subjects and words treated as nested, random factors)",NA,NA,NA,NA,NA,NA,"Neighborhood density, word frequency (stimuli factors)."
Lewellen M.,1993,"Lexical Familiarity and Processing Efficiency: Individual Differences in Naming, Lexical Decision, and Semantic Categorization",Journal of Experimental Psychology General,https://doi.org/10.1037/0096-3445.122.3.316,Lewellen_1993_Lexical_Familiarity_and.pdf,Both (Scopus + NotebookLM),TRUE,"Does not feature an individual difference measure related to imagery/perceptual/motor experience, focusing on lexical familiarity (ratings, vocabulary scores, questionnaire).",NA,0,Exp 2 (Lexical Decision),70,"400 (200 words, 100 pseudowords, 100 unpronounceable nonwords)",English,Native speakers of English,NA,NA,NA,Lexical Decision Task (LDT),"Word familiarity ratings, vocabulary test scores, language experience questionnaire (selection measures)",NA,NA,"High subjects should be faster than low subjects in discriminating words from nonwords, particularly in the pseudoword block.","F(l, 69) = 13.23, MSe = 72.84 p < .001 (Main effect of group in subjective familiarity rating task)",NA,NA,NA,NA,NA,NA,"ANOVA (repeated-measures, subjects and words treated as nested, random factors)",NA,NA,NA,NA,NA,NA,"Word type (pseudoword vs nonword block), Neighborhood density, word frequency (stimuli factors)."
Lewellen M.,1993,"Lexical Familiarity and Processing Efficiency: Individual Differences in Naming, Lexical Decision, and Semantic Categorization",Journal of Experimental Psychology General,https://doi.org/10.1037/0096-3445.122.3.316,Lewellen_1993_Lexical_Familiarity_and.pdf,Both (Scopus + NotebookLM),TRUE,"Does not feature an individual difference measure related to imagery/perceptual/motor experience, focusing on lexical familiarity (ratings, vocabulary scores, questionnaire).",NA,0,Exp 3 (Semantic Categorization),70,"120 stimulus words (60 category members, 60 noncategory members/foils)",English,Native speakers of English,NA,NA,NA,Semantic Categorization task,"Word familiarity ratings, vocabulary test scores, language experience questionnaire (selection measures)",NA,NA,High subjects were faster and more accurate in rejecting homophone foils in semantic categorization. High subjects (718 ms) were reliably faster than low subjects (750 ms) on category words (item analysis only).,"Over all foils: F1(l, 68) = 4.29, MSe = 54,927.7, p < .05 (group effect on RT).",NA,NA,NA,NA,NA,NA,ANOVA (one-way for category words; 2 X 4 for foils),NA,NA,NA,NA,NA,NA,"Foil type (homophone foils, semantic foils, controls)."
Rankin J.L.,1993,Information-processing differences of college-age readers differing in reading comprehension and speed,Journal of Literacy Research,https://doi.org/10.1080/10862969009547817,Rankin_1993_Information-processing_differences_of.pdf,Both (Scopus + NotebookLM),TRUE,—,NA,7,Single experiment,63 undergraduates (16/16/16/15 per group) [eeee],—,English (Implied) [eeee],—,—,NA,NA,"Word verification; Sentence verification (Real/Nonsense Sentences) [ffff, gggg]",Reading comprehension (Nelson-Denny Reading Test) [eeee]; Reading speed [eeee],NA,NA,High-comprehension groups consistently outperformed low-comprehension groups (on real sentences verification) [hhhh].,"Letter reordering: F(3, 59) = 3.72, p < .016 [iiii]",NA,—,NA,NA,—,—,One-way univariate tests (ANOVA); Tukey-HSD procedure [iiii],—,—,—,—,—,NA,"Reading Type Groups (HC-HS, HC-LS, LC-HS, LC-LS) [eeee, ffff]; Working Memory (Letter/Word Reordering, Reading Span) [jjjj]"
Barnes M.,1992,"Reading in children and adolescents after early onset hydrocephalus and in normally developing age peers: Phonological analysis, word recognition, word comprehension, and passage comprehension skill",Journal of Pediatric Psychology,https://doi.org/10.1093/jpepsy/17.4.445,Barnes_1992_Reading_in_children.pdf,Both (Scopus + NotebookLM),FALSE,NA,NA,5,Exp 1,101,NA,English,NA,NA,NA,NA,"Passage Comprehension task, Word Comprehension task","Reading Subskills (Word Identification, Word Attack)",NA,NA,Investigated contribution of Word Identification and Word Attack to Passage Comprehension/Word Comprehension (specific findings not detailed),NA,NA,NA,NA,NA,NA,NA,"Simple regressions, Multivariate regression (proposed)",Not mentioned (Notes insufficient sample size for multivariate regression age effects),NA,NA,NA,NA,NA,"Age, clinical status (hydrocephalus)"
Whitney P.,1990,Reading Ability and Semantic Processing: Isolating Speed of Access,Journal of Educational Psychology,https://doi.org/10.1037/0022-0663.82.3.479,Whitney_1990_Reading_Ability_and.pdf,Both (Scopus + NotebookLM),FALSE,NA,NA,9,Exp 1,60,NA,English,English,NA,NA,NA,Matching task (semantic access),"Nelson-Denny reading test (Form D, total score)",NA,NA,ET predictor (speed of semantic access) expected to account for a significant proportion of variance,Expected Multiple R in the 0.30–0.40 range,NA,NA,NA,NA,NA,NA,Regression,NA,NA,NA,NA,NA,NA,NA
Butler B.,1984,Reading skill and the use of orthographic knowledge by Mature Readers,Psychological Research,https://doi.org/10.1007/BF00309068,Butler_1984_Reading_skill_and.pdf,Both (Scopus + NotebookLM),FALSE,NA,NA,7,Exp 1,24,NA,English,English (implied),NA,NA,NA,Tachistoscopic presentation of letter strings (OAE),Vocabulary test score,NA,NA,High vocabulary subjects were more capable of utilizing redundancy in higher-order approximations (compared to low vocabulary subjects),"Interaction effect (OAE x High/Low Vocabulary): F(2,44) = 6.28, p < 0.01. Correlation between run length/OAE and vocabulary score: r(22) = 0.62, p < 0.01",NA,NA,NA,NA,NA,NA,"ANOVA, Pearson Product-Moment correlation",NA,NA,NA,NA,NA,NA,Reading skill
Butler B.,1984,Reading skill and the use of orthographic knowledge by Mature Readers,Psychological Research,https://doi.org/10.1007/BF00309068,Butler_1984_Reading_skill_and.pdf,Both (Scopus + NotebookLM),FALSE,NA,NA,5,Exp 2,48,144,English,English (implied),NA,NA,NA,Word identification task,"Reading skill (Nelson-Denny Reading Test), Vocabulary test score (correlated r=0.62)",NA,NA,"Skilled readers were more sensitive to syllable structure units than less skilled readers, reflecting efficient parsing prior to word recognition",NA,NA,NA,NA,NA,NA,NA,"Correlation, ANOVA (implied)",NA,NA,NA,NA,NA,NA,NA
Samar V.,1983,Evoked potential and visual half-field evidence for task-dependent cerebral asymmetries in congenitally deaf adults,Brain and Cognition,https://doi.org/10.1016/0278-2626(83)90020-9,Samar_1983_Evoked_potential_and.pdf,Both (Scopus + NotebookLM),TRUE,—,NA,6,Single experiment,"12 subjects (16 subjects initially, 4 removed) [wwww]",—,English (Implied) [wwww],—,—,NA,NA,Linguistic condition (Word vs Nonsense Syllable task) [wwww],—,NA,NA,—,—,NA,—,NA,NA,—,—,"Five-way ANOVA; Principal Component Analysis (PCA); Stepwise Multiple Regression [wwww, xxxx, yyyy]",—,0.01 (conservative alpha level adopted) [xxxx],—,—,—,—,"Sex; Hearing Status (Deaf Adults, implied context) [wwww]; Stimulus Type [wwww]"
Eisenberg P.,1982,"Semantic context effects in visual word recognition, sentence processing, and reading: Evidence for semantic strategies",Journal of Experimental Psychology Human Perception and Performance,https://doi.org/10.1037/0096-1523.8.5.739,Eisenberg_1982_Semantic_context_effects.pdf,Both (Scopus + NotebookLM),FALSE,NA,NA,6,Exp 1,24,"135 experimental trials (4 blocks of 45 trials, 1st practice)",English,NA,NA,NA,NA,Lexical decision task. Semantic context effects explored.,Reading test performance (reading rate converted from difficult/easy passage completion).,NA,NA,"Individual differences in semantic context effects were investigated, suggesting different semantic strategies (prediction vs. expectancy) based on reading speed/group.",NA,NA,NA,NA,NA,NA,NA,NA,NA,NA,NA,NA,NA,NA,NA
Eisenberg P.,1982,"Semantic context effects in visual word recognition, sentence processing, and reading: Evidence for semantic strategies",Journal of Experimental Psychology Human Perception and Performance,https://doi.org/10.1037/0096-1523.8.5.739,Eisenberg_1982_Semantic_context_effects.pdf,Both (Scopus + NotebookLM),FALSE,NA,NA,7,Exp 3,32,90 trials (sentence processing task materials from Exp 2),English,NA,NA,NA,NA,Sentence processing task (decide if true fact). Contextual cueing (semantic context effects).,Reading performance (percentage change score in reading rate between difficult and easy passages).,NA,NA,The outcome supported the semantic strategy interpretation and the generalization of strategies to normal reading.,NA,NA,NA,NA,NA,NA,NA,Group comparison/analysis based on reading performance groups.,NA,NA,NA,NA,NA,NA,NA
